[{"id":"440c4f9b-65e0-4fbc-980b-1c076426eb3a","project_id":"177ba73b-b7e9-4c9b-8e1a-772d908b77a2","triplets":{"graf informacji": []},"created_at":"2026-01-20T14:02:11.911056+00:00"}, 
 {"id":"05bbd743-f37d-4447-8a13-6bcb413fab2c","project_id":"8527ed87-6821-46e5-9e66-597777f5b846","triplets":{"raw": "```json\n\"graf informacji\": []\n```"},"created_at":"2026-01-20T18:45:19.136802+00:00"}, 
 {"id":"1a535d02-cb29-45bd-bb51-5d85f78cb230","project_id":"a8e812a0-0dc6-4b36-b350-efda108b30d1","triplets":[],"created_at":"2026-01-20T19:23:08.650584+00:00"}, 
 {"id":"8d2b55ca-d860-4547-9127-507391e63519","project_id":"c81380dc-4a84-482c-bb15-c0021e3bc1a5","triplets":{"raw": "\"graf informacji\": []"},"created_at":"2026-01-20T20:07:56.61219+00:00"}, 
 {"id":"b7ec65ea-86ea-490c-b9c7-c27b3473462f","project_id":"c81380dc-4a84-482c-bb15-c0021e3bc1a5","triplets":{"graf informacji": []},"created_at":"2026-01-20T20:09:10.837997+00:00"}, 
 {"id":"6505c00c-c405-464c-85f6-bbf2240dd1aa","project_id":"50f14fff-28af-464b-abd2-c55ab4ae1d1c","triplets":{"raw": "```json\n\"graf informacji\": []\n```"},"created_at":"2026-01-20T20:19:07.964598+00:00"}, 
 {"id":"fe6b2391-a250-47ae-8a21-abeec96d31fb","project_id":"50f14fff-28af-464b-abd2-c55ab4ae1d1c","triplets":{"raw": "```json\n\"graf informacji\": []\n```"},"created_at":"2026-01-20T20:20:20.756481+00:00"}, 
 {"id":"d3f6c958-95fe-4cb0-b8b0-b643bfb82c4e","project_id":"c93b4c62-deff-452a-b472-e15713baa965","triplets":{"raw": "```json\n\"graf informacji\": []\n```"},"created_at":"2026-01-20T20:56:06.381353+00:00"}, 
 {"id":"3897088e-91a2-4cdf-bb29-abb1871a9741","project_id":"01d334cf-1c75-4aee-abce-822843609dd2","triplets":{"raw": "```json\n\"graf informacji\": []\n```"},"created_at":"2026-01-20T21:33:50.522126+00:00"}, 
 {"id":"5f34b4f1-e49f-4aa0-bddb-f345ee9e5406","project_id":"312c01e2-a951-4cc8-a540-d7f7bad17248","triplets":{"raw": "```json\n\"graf informacji\": [\n    {\n        \"entity\": \"tanie masło\",\n        \"relationship\": \"można znaleźć\",\n        \"attribute\": \"aktualne promocje\",\n        \"description\": \"Aby znaleźć tanie masło, najlepiej szukać aktualnych promocji w dużych sieciach handlowych.\"\n    },\n    {\n        \"entity\": \"tanie masło\",\n        \"relationship\": \"jest oferowane\",\n        \"attribute\": \"w obniżonych cenach\",\n        \"description\": \"Sklepy często oferują masło w obniżonych cenach.\"\n    }\n]\n```"},"created_at":"2026-01-20T21:55:39.815401+00:00"}, 
 {"id":"9ae62655-7384-409a-8193-e907ef3be5f7","project_id":"f05f2e0d-afc9-4ac5-8ff6-1626bb170023","triplets":{"raw": "```json\n\"graf informacji\": [\n    {\n        \"entity\": \"kawa\",\n        \"relationship\": \"jest\",\n        \"attribute\": \"przeceniana\",\n        \"description\": \"liczne doniesienia wskazują na bardzo atrakcyjne obniżki popularnych marek kawy\"\n    },\n    {\n        \"entity\": \"kawa\",\n        \"relationship\": \"ma\",\n        \"attribute\": \"limit 4 opakowań na kartę\",\n        \"description\": \"oferty z limitami dotyczą kawy\"\n    },\n    {\n        \"entity\": \"kawa\",\n        \"relationship\": \"ma\",\n        \"attribute\": \"standardową cenę około 34,49 zł\",\n        \"description\": \"Woseba Mocca Fix Gold (mielona 500 g) ma standardową cenę około 34,49 zł\"\n    },\n    {\n        \"entity\": \"kawa ziarnista\",\n        \"relationship\": \"dotyczy\",\n        \"attribute\": \"promocji\",\n        \"description\": \"Inne promocje dotyczyły kaw ziarnistych\"\n    }\n]\n```"},"created_at":"2026-01-20T23:11:10.808269+00:00"}, 
 {"id":"25743d27-0577-414b-bc38-eab3ddf5d909","project_id":"a8e2bb6d-45cc-46cf-93a1-d72870616800","triplets":{"raw": "```json\n\"graf informacji\": []\n```"},"created_at":"2026-01-20T23:23:56.916987+00:00"}, 
 {"id":"81a1a1db-6973-47b5-972f-b981e31bedc8","project_id":"a8e2bb6d-45cc-46cf-93a1-d72870616800","triplets":{"graf informacji": []},"created_at":"2026-01-20T23:24:44.179702+00:00"}, 
 {"id":"924807b5-83e5-4ca3-9836-358ff7342f9d","project_id":"5698d70f-3a02-4d45-8202-5257ef531920","triplets":{"raw": "```json\n\"graf informacji\": [\n    {\n        \"entity\": \"storczyk\",\n        \"relationship\": \"jest\",\n        \"attribute\": \"popularną rośliną ozdobną\",\n        \"description\": \"Storczyk (inaczej orchidea) to popularna roślina ozdobna\"\n    },\n    {\n        \"entity\": \"storczyk\",\n        \"relationship\": \"należy\",\n        \"attribute\": \"do rodziny storczykowatych\",\n        \"description\": \"Storczyk (inaczej orchidea) należy do rodziny storczykowatych (Orchidaceae)\"\n    },\n    {\n        \"entity\": \"storczyk\",\n        \"relationship\": \"jest\",\n        \"attribute\": \"ceniony za swoje wyjątkowo piękne, egzotyczne kwiaty\",\n        \"description\": \"Storczyk jest ceniony za swoje wyjątkowo piękne, egzotyczne kwiaty\"\n    },\n    {\n        \"entity\": \"storczyk\",\n        \"relationship\": \"występuje\",\n        \"attribute\": \"na całym świecie\",\n        \"description\": \"W naturze storczyk występuje na całym świecie\"\n    },\n    {\n        \"entity\": \"storczyk\",\n        \"relationship\": \"rośnie\",\n        \"attribute\": \"głównie w tropikach\",\n        \"description\": \"W naturze storczyk rośnie głównie w tropikach\"\n    },\n    {\n        \"entity\": \"storczyk\",\n        \"relationship\": \"jest\",\n        \"attribute\": \"rośliną rosnącą na drzewach\",\n        \"description\": \"Często storczyk jest rośliną rosnącą na drzewach\"\n    }\n]\n```"},"created_at":"2026-01-20T23:39:57.437806+00:00"}, 
 {"id":"130dd1b1-a27f-46fa-9263-285ca1cb9103","project_id":"38f208ca-94f3-49fc-bab1-97f47b267010","triplets":{"graf informacji": [{"entity": "Eubea", "attribute": "drugą co do wielkości wyspą Grecji", "description": "Eubea to druga co do wielkości wyspa Grecji", "relationship": "jest"}, {"entity": "Eubea", "attribute": "w zachodniej części Morza Egejskiego", "description": "Eubea położona jest w zachodniej części Morza Egejskiego", "relationship": "położona jest"}, {"entity": "Eubea", "attribute": "Eubeja lub Evia", "description": "Eubea (znana również jako Eubeja lub Evia)", "relationship": "znana jest również jako"}]},"created_at":"2026-01-21T00:01:47.250656+00:00"}, 
 {"id":"c11785c9-a7dd-4148-8380-d15898f28eb1","project_id":"636c4ada-c271-4a34-b967-c272dddf695e","triplets":{"graf informacji": []},"created_at":"2026-01-21T00:22:29.725149+00:00"}, 
 {"id":"caf5e85a-754e-444e-8ff5-b9129caa4c83","project_id":"5da2c3ea-bd7f-4b7a-aeeb-167d104bc278","triplets":{"raw": "```json\n\"graf informacji\": [\n    {\n        \"entity\": \"kawa\",\n        \"relationship\": \"jest\",\n        \"attribute\": \"najlepsza na śniadanie\",\n        \"description\": \"Na śniadanie najlepiej wybrać kawę\"\n    },\n    {\n        \"entity\": \"kawa\",\n        \"relationship\": \"daje\",\n        \"attribute\": \"energię\",\n        \"description\": \"kawa, która da energię i podkreśli smak posiłku\"\n    },\n    {\n        \"entity\": \"kawa\",\n        \"relationship\": \"podkreśla\",\n        \"attribute\": \"smak posiłku\",\n        \"description\": \"kawa, która da energię i podkreśli smak posiłku\"\n    },\n    {\n        \"entity\": \"kawa\",\n        \"relationship\": \"jest\",\n        \"attribute\": \"świeżo mielona ziarnista\",\n        \"description\": \"najlepiej w postaci świeżo mielonej ziarnistej\"\n    },\n    {\n        \"entity\": \"kawa\",\n        \"relationship\": \"jest\",\n        \"attribute\": \"parzona metodą przelewową\",\n        \"description\": \"parzonej metodą przelewową (np. dripper) lub w ekspresie\"\n    },\n    {\n        \"entity\": \"kawa\",\n        \"relationship\": \"powinna być pijana\",\n        \"attribute\": \"z lekkim posiłkiem\",\n        \"description\": \"pamiętając, by pić ją z lekkim posiłkiem\"\n    }\n]\n```"},"created_at":"2026-01-21T09:02:33.829634+00:00"}, 
 {"id":"574f5c03-ffa9-4ccc-9902-206cc1e9c427","project_id":"d981eb17-5c07-45a6-9322-501fbf951956","triplets":{"raw": "```json\n\"graf informacji\": [\n    {\n        \"entity\": \"tulipany\",\n        \"relationship\": \"mają\",\n        \"attribute\": \"trwałość w wazonie\",\n        \"description\": \"Aby przedłużyć trwałość tulipanów w wazonie w 2026 roku, należy zadbać o odpowiednie przygotowanie i pielęgnację.\"\n    },\n    {\n        \"entity\": \"tulipany\",\n        \"relationship\": \"wymagają\",\n        \"attribute\": \"przycinania końcówek\",\n        \"description\": \"Przycinanie końcówek: Przed włożeniem do wody przytnij końcówki łodyg pod kątem prostym lub lekko ukośnym o około 1–2 cm.\"\n    },\n    {\n        \"entity\": \"tulipany\",\n        \"relationship\": \"wymagają\",\n        \"attribute\": \"usuwania dolnych liści\",\n        \"description\": \"Usuwanie dolnych liści: Usuń wszystkie liście, które mogłyby być zanurzone w wodzie.\"\n    }\n]\n```"},"created_at":"2026-01-21T10:16:47.289144+00:00"}, 
 {"id":"11539242-412e-44e7-b8ef-d635a51bd778","project_id":"b9e23177-2ff3-4d54-b99b-bcae1824efad","triplets":{"raw": "```json\n\"graf informacji\": []\n```"},"created_at":"2026-01-21T10:46:42.308543+00:00"}, 
 {"id":"7625d413-4c0e-4536-80d0-7c8258b10c22","project_id":"3937abb5-b63e-4339-a3d7-6f1d73440323","triplets":{"graf informacji": [{"entity": "Kawa", "attribute": "zdrowa", "description": "W umiarkowanych ilościach jest uznawana za zdrową i może przynosić wiele korzyści.", "relationship": "jest"}, {"entity": "Kawa", "attribute": "korzyści", "description": "Spożywanie kawy w umiarkowanych ilościach wiąże się z licznymi korzyściami dla organizmu.", "relationship": "przynosi"}, {"entity": "Kawa", "attribute": "koncentrację", "description": "Jedną z korzyści zdrowotnych picia kawy jest poprawa koncentracji.", "relationship": "poprawia"}, {"entity": "Kawa", "attribute": "metabolizm", "description": "Kawa może wpływać na przyspieszenie metabolizmu w organizmie.", "relationship": "przyspiesza"}, {"entity": "Kawa", "attribute": "ryzyko niektórych chorób", "description": "Spożycie kawy może przyczyniać się do obniżenia ryzyka wystąpienia niektórych chorób.", "relationship": "obniża"}]},"created_at":"2026-01-21T11:12:00.775074+00:00"}, 
 {"id":"c09c099b-8883-4ff1-b0bf-f31acafb1abe","project_id":"b9f58ca4-d979-4b0e-a390-d6fcf7ab0cf6","triplets":{"graf informacji": [{"entity": "Kawa", "attribute": "serce", "description": "Umiarkowane picie kawy zazwyczaj nie szkodzi sercu.", "relationship": "nie szkodzi"}, {"entity": "Kawa", "attribute": "serce", "description": "Kawa może nawet chronić serce.", "relationship": "może chronić"}, {"entity": "Kawa", "attribute": "choroby układu sercowo-naczyniowego", "description": "Kawa zmniejsza ryzyko chorób układu sercowo-naczyniowego u zdrowych osób.", "relationship": "zmniejsza ryzyko"}, {"entity": "Nadmiar kawy", "attribute": "problematyczny", "description": "Nadmiar kawy lub wrażliwość na kofeinę może być problematyczny.", "relationship": "może być"}]},"created_at":"2026-01-21T11:34:33.93546+00:00"}, 
 {"id":"35ed04ef-c07a-423f-b75c-fe018c4d8c53","project_id":"85e63246-f0b9-49e5-810e-596ee224f8d9","triplets":{"graf informacji": [{"entity": "kawa naturalna", "attribute": "mocniej pobudzająca", "description": "Kawa naturalna jest zwykle mocniej pobudzająca (więcej kofeiny) i uważana za bardziej tradycyjną.", "relationship": "jest"}, {"entity": "kawa rozpuszczalna", "attribute": "łagodniejsza", "description": "Kawa rozpuszczalna jest łagodniejsza, wygodniejsza w przygotowaniu i zawiera mniej cholesterolu.", "relationship": "jest"}, {"entity": "kawa rozpuszczalna", "attribute": "więcej szczawianów", "description": "Mimo że kawa rozpuszczalna jest łagodniejsza, zawiera więcej szczawianów.", "relationship": "ma"}, {"entity": "kawa naturalna", "attribute": "więcej kofeiny", "description": "Kawa naturalna charakteryzuje się wyższą zawartością kofeiny, co wpływa na jej właściwości pobudzające.", "relationship": "ma"}, {"entity": "kawa naturalna", "attribute": "antyoksydanty", "description": "Kawa naturalna zawiera antyoksydanty, choć różni się profilem składników od kawy rozpuszczalnej.", "relationship": "ma"}, {"entity": "kawa rozpuszczalna", "attribute": "antyoksydanty", "description": "Kawa rozpuszczalna również jest źródłem antyoksydantów, ale posiada inny profil kofeiny i składników.", "relationship": "ma"}]},"created_at":"2026-01-21T13:07:44.203562+00:00"}, 
 {"id":"eca5db99-80db-481c-ab2e-b24573db4013","project_id":"2ad04526-fb39-4611-88e5-d0001dcabdca","triplets":{"graf informacji": [{"entity": "Kawa", "attribute": "czynniki klimatyczne", "description": "Wzrost cen spowodowany jest niekorzystnymi warunkami pogodowymi, takimi jak susze w Brazylii i Wietnamie, które skutkują mniejszymi zbiorami.", "relationship": "drożeje"}, {"entity": "Kawa", "attribute": "koszty produkcji i transportu", "description": "Ceny rosną w wyniku zwiększonych wydatków na energię, nawozy oraz logistykę.", "relationship": "drożeje"}, {"entity": "Kawa", "attribute": "czynniki rynkowe", "description": "Na podwyżki wpływa zwiększony globalny popyt oraz spekulacje giełdowe.", "relationship": "drożeje"}, {"entity": "Kawa", "attribute": "rodzaj produktu", "description": "Problem rosnących cen obejmuje zarówno kawę przemysłową, jak i segment specialty.", "relationship": "dotyczy"}]},"created_at":"2026-01-21T20:47:08.231292+00:00"}, 
 {"id":"e7b8f359-96cc-4871-9a5e-f4c4a29c833e","project_id":"8c8592e1-fdde-4dc0-893e-1c58c0f791e4","triplets":{"graf informacji": []},"created_at":"2026-01-21T21:19:54.355803+00:00"}, 
 {"id":"3c5509bb-669a-4ede-86e2-6e705c39a037","project_id":"60df708d-453f-4609-88d6-9415a47c25f2","triplets":{"graf informacji": [{"entity": "Oferta na Dzień Babci", "attribute": "szeroki wybór prezentów", "description": "W styczniu 2026 roku w ofercie sklepu dostępny jest szeroki wybór prezentów przygotowanych z okazji Dnia Babci.", "relationship": "udostępnia"}, {"entity": "Prezenty", "attribute": "upominki okolicznościowe", "description": "Szeroki wybór prezentów z okazji Dnia Babci obejmuje między innymi upominki okolicznościowe.", "relationship": "obejmują"}, {"entity": "Prezenty", "attribute": "produkty codziennego użytku", "description": "Oferta prezentowa na Dzień Babci zawiera również praktyczne produkty codziennego użytku.", "relationship": "obejmują"}, {"entity": "Produkty codziennego użytku", "attribute": "w promocyjnych cenach", "description": "Produkty codziennego użytku, mogące stanowić prezent, oferowane są w promocyjnych cenach.", "relationship": "są dostępne"}]},"created_at":"2026-01-21T21:43:28.39051+00:00"}, 
 {"id":"27062a9f-8711-468f-80d0-58db832cf8fe","project_id":"ebac0f3f-a6a4-4675-aba7-2f406c1b384c","triplets":{"graf informacji": [{"entity": "dane cenowe", "attribute": "artykuły o promocjach", "description": "Wzbogacenie artykułów o promocjach o szczegółowe dane cenowe w 2026 roku znacząco podnosi ich wartość merytoryczną", "relationship": "wzbogacają"}, {"entity": "artykuły o promocjach", "attribute": "wartość merytoryczna", "description": "Wzbogacenie artykułów o promocjach o szczegółowe dane cenowe w 2026 roku znacząco podnosi ich wartość merytoryczną", "relationship": "podnoszą"}, {"entity": "dane cenowe", "attribute": "podejmowanie racjonalnych decyzji zakupowych", "description": "Wzbogacenie artykułów o promocjach o szczegółowe dane cenowe w 2026 roku znacząco podnosi ich wartość merytoryczną", "relationship": "ułatwiają"}]},"created_at":"2026-01-21T22:13:23.397337+00:00"}, 
 {"id":"100605a5-88b1-4272-b025-c27202ebf23a","project_id":"138925a7-fd58-4240-9bf5-e2badf48281a","triplets":{"graf informacji": [{"entity": "Pomidory rzymskie", "attribute": "odmiana o wydłużonym kształcie", "description": "Odmiany o wydłużonym kształcie, jędrnym, mięsistym miąższu i małej ilości nasion", "relationship": "są"}, {"entity": "Pomidory rzymskie", "attribute": "idealne do sosów", "description": "Idealne do sosów i przetworów", "relationship": "są"}, {"entity": "Pomidory rzymskie", "attribute": "popularne w sałatkach", "description": "Dobrze nadają się też na surowo do sałatek", "relationship": "są"}]},"created_at":"2026-01-21T23:17:28.144959+00:00"}, 
 {"id":"67373a69-3372-4ad0-8220-27f33131e410","project_id":"56fd146e-4c5f-43eb-8990-aca405e42769","triplets":{"graf informacji": []},"created_at":"2026-01-22T07:49:13.403119+00:00"}, 
 {"id":"e51a57f0-0fa9-4bb5-ad61-89f3282c286c","project_id":"b9209995-249b-49cf-a285-3ad82995a36d","triplets":{"graf informacji": [{"entity": "Czynniki klimatyczne", "attribute": "mniejsze zbiory", "description": "Susze w kluczowych regionach upraw, takich jak Brazylia i Wietnam, ograniczają podaż surowca, co wpływa na wzrost cen.", "relationship": "powodują"}, {"entity": "Koszty produkcji i transportu", "attribute": "energia i nawozy", "description": "Drożejąca energia oraz nawozy podnoszą nakłady finansowe niezbędne do wyprodukowania i logistyki kawy.", "relationship": "wzrastają"}, {"entity": "Popyt", "attribute": "presja cenowa", "description": "Rosnące zapotrzebowanie na kawę przy jednoczesnych problemach z podażą stymuluje wzrost cen.", "relationship": "zwiększa się"}, {"entity": "Spekulacje giełdowe", "attribute": "ceny surowca", "description": "Działania inwestorów na giełdach towarowych sztucznie podbijają wycenę kawy w reakcji na przewidywane niedobory.", "relationship": "windują"}, {"entity": "Sytuacja rynkowa", "attribute": "idealna burza", "description": "Zbieg negatywnych czynników klimatycznych, ekonomicznych i spekulacyjnych prowadzi do skumulowanego efektu drożyzny.", "relationship": "tworzy"}, {"entity": "Ceny detaliczne", "attribute": "kawa przemysłowa i specialty", "description": "Wzrost kosztów surowca przekłada się na wyższe ceny płacone przez konsumentów zarówno za kawę masową, jak i wysokiej jakości.", "relationship": "rosną"}]},"created_at":"2026-01-22T09:39:50.414942+00:00"}, 
 {"id":"491c05ed-0b20-4fb5-927a-1350e8df935f","project_id":"75fecf49-e70d-436a-a1a9-8b0284b0c371","triplets":{"graf informacji": []},"created_at":"2026-01-24T12:47:09.377492+00:00"}]