[{"id":"bf57e19c-6c10-4650-a11a-600a29802e0c","project_id":"177ba73b-b7e9-4c9b-8e1a-772d908b77a2","phrases":"pelargonia, pielęgnacja, podlewanie, nawożenie, światło, temperatura, rozmnażanie, choroby, szkodniki, doniczka, przycinanie, stanowisko słoneczne, choroby roślin, pielęgnacja zimowa, kwitnienie","created_at":"2026-01-20T14:02:11.956448+00:00"}, 
 {"id":"0ef3a57d-3728-45ed-b6c8-b98cec373973","project_id":"8527ed87-6821-46e5-9e66-597777f5b846","phrases":"pelargonie, pielęgnacja, podlewanie, nawożenie, światło, temperatura, rozmnażanie, choroby, szkodniki, gleba, przycinanie, doniczka, stanowisko","created_at":"2026-01-20T18:45:19.261811+00:00"}, 
 {"id":"61368eeb-f618-4dc5-a51e-86994199a0a7","project_id":"a8e812a0-0dc6-4b36-b350-efda108b30d1","phrases":"zakupy, promocje, produkty, oferta, ceny, artykuły spożywcze, sezonowe produkty, zniżki, zdrowa żywność, przekąski, napoje, świeże owoce, warzywa, nowości, lista zakupów, świeże produkty, codzienne potrzeby","created_at":"2026-01-20T19:23:08.707939+00:00"}, 
 {"id":"b0b5770e-48ab-4bfc-b1bb-c2a57eea221a","project_id":"c81380dc-4a84-482c-bb15-c0021e3bc1a5","phrases":"kawa, drożenie, ceny, rynek, popyt, podaż, inflacja, koszty produkcji, zmiany klimatyczne, handel, eksport, import, zbiory, surowce","created_at":"2026-01-20T20:07:56.660871+00:00"}, 
 {"id":"5a6026a3-e1a9-4e95-ac15-13c381f7c7f7","project_id":"c81380dc-4a84-482c-bb15-c0021e3bc1a5","phrases":"kawa, drożenie, ceny, rynek kawy, popyt, podaż, inflacja, koszty produkcji, zmiany klimatyczne, handel, transport, zbiory, produkcja, Arabica, Robusta","created_at":"2026-01-20T20:09:10.897125+00:00"}, 
 {"id":"9c085f83-4f55-49a1-a99a-337d1701a909","project_id":"50f14fff-28af-464b-abd2-c55ab4ae1d1c","phrases":"cena, rynek, inflacja, popyt, podaż, gospodarka, koszty, artykuły spożywcze, żywność, ekonomia, produkty spożywcze","created_at":"2026-01-20T20:19:08.009029+00:00"}, 
 {"id":"d0080545-fd65-4009-9081-9d1af3696024","project_id":"50f14fff-28af-464b-abd2-c55ab4ae1d1c","phrases":"cena, rynek, inflacja, popyt, podaż, gospodarka, artykuły spożywcze, koszty, produkty, zakupy, produkcja, żywność, ekonomia","created_at":"2026-01-20T20:20:20.854252+00:00"}, 
 {"id":"db215b48-22a7-4fb9-8992-a19286cf8b16","project_id":"c93b4c62-deff-452a-b472-e15713baa965","phrases":"gwiazda, płaczek, tenis, sport, emocje, rywalizacja, osiągnięcia, publiczność, presja, media, sukces, kontrowersje, oczekiwania, występy","created_at":"2026-01-20T20:56:06.446379+00:00"}, 
 {"id":"a27a7056-9f7d-413d-9732-f2ab08cf8808","project_id":"01d334cf-1c75-4aee-abce-822843609dd2","phrases":"zdrowie, napój, alkohol, składniki, kalorie, dieta, wpływ na zdrowie, umiarkowane spożycie, umiarkowanie, zdrowe nawyki","created_at":"2026-01-20T21:33:50.64521+00:00"}, 
 {"id":"8355f00b-69d8-4a69-9971-e4fdb38c893d","project_id":"312c01e2-a951-4cc8-a540-d7f7bad17248","phrases":"tanie masło, cena, promocje, zakupy, produkty mleczne, oszczędności","created_at":"2026-01-20T21:55:39.853352+00:00"}, 
 {"id":"cb0fb7d5-73c0-452a-a912-bdc78cba31d3","project_id":"f05f2e0d-afc9-4ac5-8ff6-1626bb170023","phrases":"kawa, przecena, limit, sztuki, karta","created_at":"2026-01-20T23:11:10.859458+00:00"}, 
 {"id":"48a6e68e-56af-4de6-8766-5be9399127b6","project_id":"a8e2bb6d-45cc-46cf-93a1-d72870616800","phrases":"storczyk, pąki, kwitnienie, sztuczka, jabłko","created_at":"2026-01-20T23:23:56.955236+00:00"}, 
 {"id":"2fcdf2d5-0fed-4850-853e-9071653cd7ea","project_id":"a8e2bb6d-45cc-46cf-93a1-d72870616800","phrases":"storczyk, pąki, kwitnienie, sztuczka, jabłko, zakwitanie, pielęgnacja roślin","created_at":"2026-01-20T23:24:44.215624+00:00"}, 
 {"id":"725f1386-9b6c-44bc-b5fd-7b9acde2a7b4","project_id":"5698d70f-3a02-4d45-8202-5257ef531920","phrases":"storczyk, pąki, kwitnienie, pielęgnacja, rośliny doniczkowe, nawożenie, wilgotność, światło, warunki wzrostu","created_at":"2026-01-20T23:39:57.495445+00:00"}, 
 {"id":"68ea40d7-9eb5-42db-aa52-b046c1043a18","project_id":"38f208ca-94f3-49fc-bab1-97f47b267010","phrases":"Eubea, Eube, odwiedziny, podróż, kultura, historia, atrakcje turystyczne, wyspa, turystyka, zwiedzanie, atrakcje","created_at":"2026-01-21T00:01:47.307287+00:00"}, 
 {"id":"d925e5cf-1551-4f91-a2b3-84a5a1729012","project_id":"636c4ada-c271-4a34-b967-c272dddf695e","phrases":"Euba, Grecja, podróż, kultura, historia, atrakcje turystyczne, wyspa","created_at":"2026-01-21T00:22:29.779522+00:00"}, 
 {"id":"64a056d2-84f4-433c-97e5-4ddd9f76c19d","project_id":"5da2c3ea-bd7f-4b7a-aeeb-167d104bc278","phrases":"kawa, śniadanie, wybór kawy, rodzaje kawy, smak kawy, aromat kawy, espresso, latte, cappuccino, kawa parzona, kawa mielona, kawa z ekspresu, kofeina, parzenie, ziarna kawy","created_at":"2026-01-21T09:02:33.867601+00:00"}, 
 {"id":"0a75b77e-59b9-4eba-8042-1485a0b0c812","project_id":"d981eb17-5c07-45a6-9322-501fbf951956","phrases":"tulipany, pielęgnacja, kwiaty, cebulki, podlewanie, nawożenie, stanowisko słoneczne, gleba, rozmnażanie, sadzenie, światło, temperatura, choroby, kwitnienie, odmiany, wilgotność","created_at":"2026-01-21T10:16:47.401675+00:00"}, 
 {"id":"f2f0764f-bf63-489d-b66b-0320f5d1bc5e","project_id":"b9e23177-2ff3-4d54-b99b-bcae1824efad","phrases":"hity, zakupy, filmy, recenzje, rekomendacje, oceny, gatunki, gry, rozrywka, lista","created_at":"2026-01-21T10:46:42.348467+00:00"}, 
 {"id":"e1f5d965-da42-4058-be69-954c844051c2","project_id":"3937abb5-b63e-4339-a3d7-6f1d73440323","phrases":"kawa, zdrowie, korzyści zdrowotne, kofeina, antyoksydanty, picie kawy, dieta, metabolizm, ryzyko chorób, wpływ na zdrowie, właściwości zdrowotne, substancje odżywcze","created_at":"2026-01-21T11:12:00.812384+00:00"}, 
 {"id":"0d491267-05eb-470d-9281-a6b2b2925222","project_id":"b9f58ca4-d979-4b0e-a390-d6fcf7ab0cf6","phrases":"kawa, serce, zdrowie serca, kofeina, ryzyko, choroby serca, ciśnienie krwi, cholesterol, układ krążenia, badania, dieta, nadciśnienie","created_at":"2026-01-21T11:34:33.973149+00:00"}, 
 {"id":"64515937-8626-4d88-91fb-0797a6309144","project_id":"85e63246-f0b9-49e5-810e-596ee224f8d9","phrases":"rozpuszczalna, naturalna, kawa rozpuszczalna, kawa naturalna, smak, aromat, przygotowanie, proces parzenia, jakość, wybór, skład, preferencje","created_at":"2026-01-21T13:07:44.244515+00:00"}, 
 {"id":"48266671-2cd2-4c51-a2f0-490dc52617b0","project_id":"2ad04526-fb39-4611-88e5-d0001dcabdca","phrases":"kawa, drożenie, ceny, rynek, inflacja, popyt, podaż, zbiory, koszty produkcji, zmiany klimatyczne, handel","created_at":"2026-01-21T20:47:08.274062+00:00"}, 
 {"id":"c35e9af4-eef2-4033-b005-336509fbab17","project_id":"8c8592e1-fdde-4dc0-893e-1c58c0f791e4","phrases":"klocki, moda, pasja, kreatywność, zabawa, kolekcjonowanie, budowanie, rozwój, edukacja, hobby, projektowanie, konstrukcje, dzieci","created_at":"2026-01-21T21:19:54.390731+00:00"}, 
 {"id":"4963403c-f091-4cce-99c1-bd75e327d59e","project_id":"60df708d-453f-4609-88d6-9415a47c25f2","phrases":"zakupy, produkty, żywność, artykuły spożywcze, prezenty, zdrowa żywność, kosmetyki, napoje, przekąski, artykuły gospodarstwa domowego, akcesoria, suplementy diety, codzienne potrzeby, pielęgnacja, herbaty, słodycze","created_at":"2026-01-21T21:43:28.427828+00:00"}, 
 {"id":"bb1f26f2-c714-4f03-8a44-ce4949719858","project_id":"ebac0f3f-a6a4-4675-aba7-2f406c1b384c","phrases":"dane cenowe, artykuły o promocjach, sklepy, wzbogacenie, analiza danych, promocje, strategie marketingowe","created_at":"2026-01-21T22:13:23.43582+00:00"}, 
 {"id":"1602a7bb-4550-444a-961c-08dfcca59208","project_id":"138925a7-fd58-4240-9bf5-e2badf48281a","phrases":"Pomidory rzymskie, minimalna waga opakowania, cena, 7,49 zł, 46% taniej","created_at":"2026-01-21T23:17:28.272708+00:00"}, 
 {"id":"552f8b99-bff1-41a1-abbb-0c0db95072c2","project_id":"56fd146e-4c5f-43eb-8990-aca405e42769","phrases":"Tłusty Czwartek, pączki, tanio, kupić, zakupy, tradycja, cukiernia, promocje, smakołyki","created_at":"2026-01-22T07:49:13.453158+00:00"}, 
 {"id":"00c054a9-2d3d-48c9-9098-f6039b25f3c1","project_id":"b9209995-249b-49cf-a285-3ad82995a36d","phrases":"kawa, drożenie, ceny, rynek, inflacja, podaż, popyt, produkcja, zbiory, Arabica, Robusta, handel, zmiany klimatyczne, koszty produkcji, transport","created_at":"2026-01-22T09:39:50.465599+00:00"}, 
 {"id":"12739458-338f-4e0d-aec4-a7a0ce3d21f6","project_id":"75fecf49-e70d-436a-a1a9-8b0284b0c371","phrases":"Stary Lubotyń","created_at":"2026-01-24T12:47:09.416475+00:00"}]