[{"id":"adfc8478-8205-4b33-8d59-796103203ae6","project_id":"177ba73b-b7e9-4c9b-8e1a-772d908b77a2","headers":"[\n    {\n        \"heading\": \"h2\",\n        \"value\": \"Podstawowe zasady pielęgnacji pelargonii\"\n    },\n    {\n        \"heading\": \"h2\",\n        \"value\": \"Najczęstsze błędy w uprawie pelargonii\"\n    },\n    {\n        \"heading\": \"h3\",\n        \"value\": \"Wymagania świetlne pelargonii\"\n    },\n    {\n        \"heading\": \"h3\",\n        \"value\": \"Podlewanie i nawadnianie pelargonii\"\n    },\n    {\n        \"heading\": \"h2\",\n        \"value\": \"Nawożenie pelargonii\"\n    }\n]","created_at":"2026-01-20T14:02:12.00197+00:00"}, 
 {"id":"a6e1ba85-8fa4-4cc7-862a-7a13763619f9","project_id":"8527ed87-6821-46e5-9e66-597777f5b846","headers":"[\n    {\n        \"heading\": \"h2\",\n        \"value\": \"Podstawowe zasady pielęgnacji pelargonii\"\n    },\n    {\n        \"heading\": \"h2\",\n        \"value\": \"Odpowiednie warunki dla pelargonii\"\n    },\n    {\n        \"heading\": \"h3\",\n        \"value\": \"Podlewanie pelargonii\"\n    },\n    {\n        \"heading\": \"h3\",\n        \"value\": \"Nawożenie pelargonii\"\n    },\n    {\n        \"heading\": \"h3\",\n        \"value\": \"Przycinanie pelargonii\"\n    }\n]","created_at":"2026-01-20T18:45:19.303486+00:00"}, 
 {"id":"6aed93c2-f9f0-4b37-9b92-6d95180c9887","project_id":"a8e812a0-0dc6-4b36-b350-efda108b30d1","headers":"[\n    {\n        \"heading\": \"h2\",\n        \"value\": \"Najlepsze produkty w Biedronce dzisiaj\"\n    },\n    {\n        \"heading\": \"h2\",\n        \"value\": \"Promocje w Biedronce na dziś\"\n    },\n    {\n        \"heading\": \"h3\",\n        \"value\": \"Co warto kupić w Biedronce?\"\n    }\n]","created_at":"2026-01-20T19:23:08.839632+00:00"}, 
 {"id":"7f6da48b-0b4f-47bd-b0ce-41ed6a1a8f9c","project_id":"c81380dc-4a84-482c-bb15-c0021e3bc1a5","headers":"[\n    {\n        \"heading\": \"h2\",\n        \"value\": \"Przyczyny wzrostu cen kawy\"\n    },\n    {\n        \"heading\": \"h2\",\n        \"value\": \"Wpływ zmian klimatycznych na uprawy kawy\"\n    },\n    {\n        \"heading\": \"h3\",\n        \"value\": \"Globalne zawirowania polityczne a ceny kawy\"\n    }\n]","created_at":"2026-01-20T20:07:56.698038+00:00"}, 
 {"id":"d6546208-35d8-4d6e-8d13-9896a4195eb3","project_id":"c81380dc-4a84-482c-bb15-c0021e3bc1a5","headers":"[\n    {\n        \"heading\": \"h2\",\n        \"value\": \"Przyczyny wzrostu cen kawy\"\n    },\n    {\n        \"heading\": \"h2\",\n        \"value\": \"Globalne czynniki wpływające na ceny kawy\"\n    },\n    {\n        \"heading\": \"h3\",\n        \"value\": \"Zmiany klimatyczne a uprawy kawy\"\n    },\n    {\n        \"heading\": \"h3\",\n        \"value\": \"Wpływ pandemii na rynek kawy\"\n    },\n    {\n        \"heading\": \"h3\",\n        \"value\": \"Koszty produkcji i ich wpływ na ceny\"\n    }\n]","created_at":"2026-01-20T20:09:10.937072+00:00"}, 
 {"id":"72e35cbb-b7dd-4590-ba93-a8a05775b0f8","project_id":"50f14fff-28af-464b-abd2-c55ab4ae1d1c","headers":"[\n    {\n        \"heading\": \"h2\",\n        \"value\": \"Aktualne ceny cukru w Polsce\"\n    },\n    {\n        \"heading\": \"h2\",\n        \"value\": \"Przyczyny wzrostu cen cukru\"\n    },\n    {\n        \"heading\": \"h3\",\n        \"value\": \"Porównanie cen cukru w Europie\"\n    }\n]","created_at":"2026-01-20T20:19:08.054685+00:00"}, 
 {"id":"6c86b7ea-a240-48a5-8f3a-7ff4baf81b60","project_id":"50f14fff-28af-464b-abd2-c55ab4ae1d1c","headers":"[\n    {\n        \"heading\": \"h2\",\n        \"value\": \"Aktualne ceny cukru na rynku\"\n    },\n    {\n        \"heading\": \"h2\",\n        \"value\": \"Czynniki wpływające na cenę cukru\"\n    },\n    {\n        \"heading\": \"h3\",\n        \"value\": \"Porównanie cen cukru w różnych krajach\"\n    }\n]","created_at":"2026-01-20T20:20:20.899847+00:00"}, 
 {"id":"839fece5-eb70-4772-b825-6a7b1a0c98bd","project_id":"c93b4c62-deff-452a-b472-e15713baa965","headers":"[\n    {\n        \"heading\": \"h2\",\n        \"value\": \"Iga Świątek: Gwiazda Tenisa\"\n    },\n    {\n        \"heading\": \"h2\",\n        \"value\": \"Iga Świątek: Kontrowersje i Krytyka\"\n    },\n    {\n        \"heading\": \"h3\",\n        \"value\": \"Jak Iga Radzi Sobie z Presją?\"\n    }\n]","created_at":"2026-01-20T20:56:06.490912+00:00"}, 
 {"id":"812f5287-8845-48ea-88e3-2320a1b562bb","project_id":"01d334cf-1c75-4aee-abce-822843609dd2","headers":"[\n    {\n        \"heading\": \"h2\",\n        \"value\": \"Czy Aperol ma właściwości zdrowotne?\"\n    },\n    {\n        \"heading\": \"h2\",\n        \"value\": \"Korzyści i zagrożenia związane z piciem Aperolu\"\n    },\n    {\n        \"heading\": \"h3\",\n        \"value\": \"Aperol a zdrowie\"\n    }\n]","created_at":"2026-01-20T21:33:50.693602+00:00"}, 
 {"id":"9f46a0d4-cd76-4d3d-8721-067c50b33e29","project_id":"312c01e2-a951-4cc8-a540-d7f7bad17248","headers":"```json\n[]\n```","created_at":"2026-01-20T21:55:39.8889+00:00"}, 
 {"id":"3ba9423d-6e72-4ec7-be7d-72b6b7ae2753","project_id":"f05f2e0d-afc9-4ac5-8ff6-1626bb170023","headers":"[\n    {\n        \"heading\": \"h2\",\n        \"value\": \"Biedronka obniża ceny kawy\"\n    },\n    {\n        \"heading\": \"h2\",\n        \"value\": \"Limit zakupu kawy w Biedronce\"\n    },\n    {\n        \"heading\": \"h3\",\n        \"value\": \"Jakie kawy są objęte promocją?\"\n    }\n]","created_at":"2026-01-20T23:11:10.895674+00:00"}, 
 {"id":"c27784e8-2d02-4f5c-b852-d8506cdb9b0c","project_id":"a8e2bb6d-45cc-46cf-93a1-d72870616800","headers":"[\n{\n        \"heading\": \"h2\",\n        \"value\": \"Jak przyspieszyć kwitnienie storczyka?\"\n},\n{\n        \"heading\": \"h2\",\n        \"value\": \"Trik z jabłkiem dla storczyków\"\n},\n{\n        \"heading\": \"h3\",\n        \"value\": \"Dlaczego storczyki nie kwitną?\"\n}\n]","created_at":"2026-01-20T23:23:56.999614+00:00"}, 
 {"id":"efacba7d-7568-4359-a87a-9535da944430","project_id":"a8e2bb6d-45cc-46cf-93a1-d72870616800","headers":"[\n    {\n        \"heading\": \"h2\",\n        \"value\": \"Dlaczego storczyk nie wypuszcza pąków?\"\n    },\n    {\n        \"heading\": \"h2\",\n        \"value\": \"Jak przyspieszyć kwitnienie storczyka?\"\n    },\n    {\n        \"heading\": \"h3\",\n        \"value\": \"Sztuczka z jabłkiem dla storczyków\"\n    }\n]","created_at":"2026-01-20T23:24:44.258118+00:00"}, 
 {"id":"0525912b-d81d-4f64-ac90-9d06f8876da5","project_id":"5698d70f-3a02-4d45-8202-5257ef531920","headers":"[\n    {\n        \"heading\": \"h2\",\n        \"value\": \"Przyczyny braku kwitnienia storczyków\"\n    },\n    {\n        \"heading\": \"h2\",\n        \"value\": \"Jak dbać o storczyki, aby wypuszczały pąki\"\n    },\n    {\n        \"heading\": \"h3\",\n        \"value\": \"Czynniki wpływające na kwitnienie storczyków\"\n    }\n]","created_at":"2026-01-20T23:39:57.541256+00:00"}, 
 {"id":"eaa7fd87-dc23-4b21-9875-6e84dc243c30","project_id":"38f208ca-94f3-49fc-bab1-97f47b267010","headers":"I notice that the headings_list appears to be empty or contains placeholder text `<extracted_headings>` rather than actual headings to process.\n\nTo generate unique headings for the main topic \"Odwiedzamy Kubę\" (Visiting Cuba), I would need you to provide the actual list of headings.\n\nPlease provide the specific headings you'd like me to review and organize, and I'll generate the JSON format output accordingly.","created_at":"2026-01-21T00:01:47.364444+00:00"}, 
 {"id":"c935fe95-5fba-4230-8aeb-fb1a18a5ee59","project_id":"636c4ada-c271-4a34-b967-c272dddf695e","headers":"```json\n[]\n```","created_at":"2026-01-21T00:22:29.831829+00:00"}, 
 {"id":"7e69e1f3-c201-41e4-b922-77c6ef507a10","project_id":"5da2c3ea-bd7f-4b7a-aeeb-167d104bc278","headers":"```json\n[]\n```","created_at":"2026-01-21T09:02:33.903755+00:00"}, 
 {"id":"3b7677ac-d70d-4f88-8334-769f9d918fba","project_id":"d981eb17-5c07-45a6-9322-501fbf951956","headers":"```json\n[\n{\n        \"heading\": \"h2\",\n        \"value\": \"Jak dbać o tulipany?\"\n},\n{\n        \"heading\": \"h2\",\n        \"value\": \"Warunki wzrostu tulipanów\"\n},\n{\n        \"heading\": \"h3\",\n        \"value\": \"Oświetlenie i temperatura\"\n},\n{\n        \"heading\": \"h3\",\n        \"value\": \"Podlewanie tulipanów\"\n},\n{\n        \"heading\": \"h2\",\n        \"value\": \"Nawożenie i pielęgnacja\"\n},\n{\n        \"heading\": \"h3\",\n        \"value\": \"Cięcie i usuwanie kwiatów\"\n},\n{\n        \"heading\": \"h2\",\n        \"value\": \"Przechowywanie cebulek tulipanów\"\n},\n{\n        \"heading\": \"h3\",\n        \"value\": \"Choroby i szkodniki tulipanów\"\n}\n]\n```","created_at":"2026-01-21T10:16:47.441643+00:00"}, 
 {"id":"fe5e6a18-7c52-4e99-a53b-cab192f2d032","project_id":"b9e23177-2ff3-4d54-b99b-bcae1824efad","headers":"I notice that the `<headings_list>` contains placeholder text `<extracted_headings>` instead of actual headings. Please provide the actual list of headings you'd like me to process, and I'll generate unique headings related to \"Top 6 hitów z Action. Lepiej zobaczyć to przed zakupami\" in Polish format.","created_at":"2026-01-21T10:46:42.383112+00:00"}, 
 {"id":"5514d290-4392-4358-ab64-6584af4ab6bf","project_id":"3937abb5-b63e-4339-a3d7-6f1d73440323","headers":"[\n{\n\"heading\": \"h2\",\n\"value\": \"Właściwości i składniki odżywcze kawy\"\n},\n{\n\"heading\": \"h2\",\n\"value\": \"Korzyści zdrowotne wynikające z picia kawy\"\n},\n{\n\"heading\": \"h3\",\n\"value\": \"Wpływ kofeiny na układ nerwowy i koncentrację\"\n},\n{\n\"heading\": \"h3\",\n\"value\": \"Kawa a ryzyko chorób serca i cukrzycy\"\n},\n{\n\"heading\": \"h3\",\n\"value\": \"Antyoksydanty w kawie i ich rola\"\n},\n{\n\"heading\": \"h2\",\n\"value\": \"Potencjalne skutki uboczne i wady spożywania kawy\"\n},\n{\n\"heading\": \"h2\",\n\"value\": \"Kto powinien unikać lub ograniczyć picie kawy?\"\n},\n{\n\"heading\": \"h2\",\n\"value\": \"Bezpieczna dzienna dawka kofeiny\"\n}\n]","created_at":"2026-01-21T11:12:00.919753+00:00"}, 
 {"id":"d287f7e4-df2d-4921-97af-01e2460b3b90","project_id":"b9f58ca4-d979-4b0e-a390-d6fcf7ab0cf6","headers":"[\n{\n\"heading\": \"h2\",\n\"value\": \"Wpływ picia kawy na zdrowie serca\"\n},\n{\n\"heading\": \"h2\",\n\"value\": \"Kawa a nadciśnienie tętnicze\"\n},\n{\n\"heading\": \"h2\",\n\"value\": \"Czy kofeina powoduje arytmię?\"\n},\n{\n\"heading\": \"h2\",\n\"value\": \"Kawa a poziom cholesterolu we krwi\"\n},\n{\n\"heading\": \"h3\",\n\"value\": \"Znaczenie sposobu parzenia kawy\"\n},\n{\n\"heading\": \"h2\",\n\"value\": \"Korzyści z picia kawy dla układu krążenia\"\n},\n{\n\"heading\": \"h2\",\n\"value\": \"Jaka ilość kawy jest bezpieczna?\"\n}\n]","created_at":"2026-01-21T11:34:34.008575+00:00"}, 
 {"id":"c022ce7c-bed3-46a7-9425-ad474ba69a92","project_id":"85e63246-f0b9-49e5-810e-596ee224f8d9","headers":"[\n{\n        \"heading\": \"h2\",\n        \"value\": \"Kawa rozpuszczalna a naturalna – podstawowe różnice\"\n},\n{\n        \"heading\": \"h2\",\n        \"value\": \"Proces produkcji kawy sypanej i rozpuszczalnej\"\n},\n{\n        \"heading\": \"h2\",\n        \"value\": \"Właściwości zdrowotne – która kawa jest zdrowsza?\"\n},\n{\n        \"heading\": \"h3\",\n        \"value\": \"Zawartość kofeiny w kawie rozpuszczalnej i parzonej\"\n},\n{\n        \"heading\": \"h3\",\n        \"value\": \"Antyoksydanty i składniki odżywcze\"\n},\n{\n        \"heading\": \"h2\",\n        \"value\": \"Smak i aromat – porównanie kawy mielonej i instant\"\n},\n{\n        \"heading\": \"h2\",\n        \"value\": \"Kawa rozpuszczalna czy sypana – którą wybrać?\"\n}\n]","created_at":"2026-01-21T13:07:44.284983+00:00"}, 
 {"id":"63afad1f-1642-4199-a200-bd43c4b248e2","project_id":"2ad04526-fb39-4611-88e5-d0001dcabdca","headers":"[\n{\n\"heading\": \"h2\",\n\"value\": \"Główne przyczyny wzrostu cen kawy na rynkach światowych\"\n},\n{\n\"heading\": \"h2\",\n\"value\": \"Wpływ zmian klimatycznych na uprawy kawowca\"\n},\n{\n\"heading\": \"h3\",\n\"value\": \"Ekstremalne zjawiska pogodowe w Brazylii i Wietnamie\"\n},\n{\n\"heading\": \"h2\",\n\"value\": \"Rosnące koszty transportu i problemy w łańcuchach dostaw\"\n},\n{\n\"heading\": \"h2\",\n\"value\": \"Wzrost cen nawozów i energii a opłacalność plantacji\"\n},\n{\n\"heading\": \"h2\",\n\"value\": \"Spekulacje giełdowe i rosnący popyt globalny\"\n},\n{\n\"heading\": \"h2\",\n\"value\": \"Prognozy na przyszłość – czy kawa będzie dalej drożeć?\"\n}\n]","created_at":"2026-01-21T20:47:08.312339+00:00"}, 
 {"id":"d00956a7-05b7-469d-95ec-badc0403153b","project_id":"8c8592e1-fdde-4dc0-893e-1c58c0f791e4","headers":"[\n{\n\"heading\": \"h2\",\n\"value\": \"Fenomen klocków LEGO – skąd bierze się ich niesłabnąca popularność?\"\n},\n{\n\"heading\": \"h2\",\n\"value\": \"LEGO jako wyznacznik trendów i element popkultury\"\n},\n{\n\"heading\": \"h3\",\n\"value\": \"Limitowane edycje i współprace ze znanymi markami\"\n},\n{\n\"heading\": \"h2\",\n\"value\": \"Pasja budowania: Kim są dorośli fani LEGO (AFOL)?\"\n},\n{\n\"heading\": \"h3\",\n\"value\": \"Klocki jako forma relaksu i sposób na mindfulness\"\n},\n{\n\"heading\": \"h2\",\n\"value\": \"Inwestowanie w zestawy – czy na LEGO można zarobić?\"\n},\n{\n\"heading\": \"h2\",\n\"value\": \"Podsumowanie: Czy LEGO to chwilowa moda, czy hobby na całe życie?\"\n}\n]","created_at":"2026-01-21T21:19:54.429491+00:00"}, 
 {"id":"c08bebc8-2e01-46db-9a2c-a8035f5ce141","project_id":"60df708d-453f-4609-88d6-9415a47c25f2","headers":"```json\n[\n{\n\"heading\": \"h2\",\n\"value\": \"Co kupić Babci w Biedronce? – Przegląd pomysłów\"\n},\n{\n\"heading\": \"h3\",\n\"value\": \"Kwiaty cięte i rośliny doniczkowe\"\n},\n{\n\"heading\": \"h3\",\n\"value\": \"Słodycze, czekoladki i bombonierki\"\n},\n{\n\"heading\": \"h3\",\n\"value\": \"Zestawy kosmetyków i kremy\"\n},\n{\n\"heading\": \"h3\",\n\"value\": \"Kawa, herbata i kubki okolicznościowe\"\n},\n{\n\"heading\": \"h3\",\n\"value\": \"Tekstylia domowe i drobne upominki\"\n},\n{\n\"heading\": \"h2\",\n\"value\": \"Gotowe kosze prezentowe w ofercie Biedronki\"\n}\n]\n```","created_at":"2026-01-21T21:43:28.468133+00:00"}, 
 {"id":"972b2781-a501-4eda-83a5-afd27f3ee76f","project_id":"ebac0f3f-a6a4-4675-aba7-2f406c1b384c","headers":"```json\n[\n{\n\"heading\": \"h2\",\n\"value\": \"Dlaczego warto analizować historię cen w artykułach promocyjnych?\"\n},\n{\n\"heading\": \"h2\",\n\"value\": \"Budowanie wiarygodności i zaufania czytelników dzięki twardym danym\"\n},\n{\n\"heading\": \"h3\",\n\"value\": \"Jak skutecznie wykrywać sztuczne promocje i 'fake sales'?\"\n},\n{\n\"heading\": \"h2\",\n\"value\": \"Wpływ rzetelnych danych cenowych na pozycjonowanie (SEO)\"\n},\n{\n\"heading\": \"h2\",\n\"value\": \"Narzędzia i metody weryfikacji atrakcyjności ofert sklepowych\"\n},\n{\n\"heading\": \"h3\",\n\"value\": \"Wizualizacja zmian cen jako element angażujący odbiorcę\"\n}\n]\n```","created_at":"2026-01-21T22:13:23.475767+00:00"}, 
 {"id":"8e7b55bc-ffee-49d3-aa39-66acefa78410","project_id":"138925a7-fd58-4240-9bf5-e2badf48281a","headers":"[\n{\n\"heading\": \"h2\",\n\"value\": \"Pomidory rzymskie – opis produktu\"\n},\n{\n\"heading\": \"h2\",\n\"value\": \"Aktualna promocja: 46% taniej\"\n},\n{\n\"heading\": \"h3\",\n\"value\": \"Cena i waga opakowania\"\n}\n]","created_at":"2026-01-21T23:17:28.310984+00:00"}, 
 {"id":"cefc9c7a-5fe6-422d-b181-bb988aee53d5","project_id":"56fd146e-4c5f-43eb-8990-aca405e42769","headers":"```json\n[\n{\n\"heading\": \"h2\",\n\"value\": \"Kiedy wypada Tłusty Czwartek?\"\n},\n{\n\"heading\": \"h2\",\n\"value\": \"Gdzie kupić najtańsze pączki? Przegląd promocji\"\n},\n{\n\"heading\": \"h3\",\n\"value\": \"Ceny pączków w Biedronce i Lidlu\"\n},\n{\n\"heading\": \"h3\",\n\"value\": \"Oferty w Dino, Netto i Kauflandzie\"\n},\n{\n\"heading\": \"h2\",\n\"value\": \"Czy tanie pączki z marketu są dobrej jakości?\"\n},\n{\n\"heading\": \"h2\",\n\"value\": \"Ile kosztują pączki w tradycyjnych cukierniach?\"\n}\n]\n```","created_at":"2026-01-22T07:49:13.505692+00:00"}, 
 {"id":"f4f53b3c-2c40-4ae9-8e23-cf4637e8a853","project_id":"b9209995-249b-49cf-a285-3ad82995a36d","headers":"[\n{\n\"heading\": \"h2\",\n\"value\": \"Główne przyczyny wzrostu cen kawy na rynkach światowych\"\n},\n{\n\"heading\": \"h2\",\n\"value\": \"Zmiany klimatyczne i ich wpływ na plantacje w Brazylii oraz Wietnamie\"\n},\n{\n\"heading\": \"h3\",\n\"value\": \"Rola zjawiska El Niño w ograniczeniu podaży surowca\"\n},\n{\n\"heading\": \"h2\",\n\"value\": \"Rosnące koszty transportu, energii i nawozów\"\n},\n{\n\"heading\": \"h2\",\n\"value\": \"Spekulacje giełdowe a ceny kawy w sklepach\"\n},\n{\n\"heading\": \"h2\",\n\"value\": \"Prognozy rynkowe: czy kawa stanie się towarem luksusowym?\"\n}\n]","created_at":"2026-01-22T09:39:50.515663+00:00"}, 
 {"id":"41488914-c422-4b3d-96aa-337758896925","project_id":"75fecf49-e70d-436a-a1a9-8b0284b0c371","headers":"```json\n[\n{\n\"heading\": \"h2\",\n\"value\": \"Historia i rozwój osadnictwa\"\n},\n{\n\"heading\": \"h2\",\n\"value\": \"Położenie geograficzne i administracyjne\"\n},\n{\n\"heading\": \"h2\",\n\"value\": \"Zabytki i dziedzictwo kulturowe\"\n},\n{\n\"heading\": \"h3\",\n\"value\": \"Kościół pw. Nawiedzenia Najświętszej Maryi Panny\"\n},\n{\n\"heading\": \"h3\",\n\"value\": \"Kaplica cmentarna i miejsca pamięci\"\n},\n{\n\"heading\": \"h2\",\n\"value\": \"Współczesna Gmina Stary Lubotyń\"\n}\n]\n```","created_at":"2026-01-24T12:47:09.455235+00:00"}]