[{"id":"8c8592e1-fdde-4dc0-893e-1c58c0f791e4","keyword":"Klocki Lego, moda czy pasja?","language":"Polish","ai_overview_content":"Moda LEGO to szeroki zakres produktów, od odzieży dziecięcej LEGO Wear po kolekcje dla dorosłych powstałe we współpracy z globalnymi markami, takimi jak adidas i Levi's. Oferuje ona zarówno kolorowe ubrania z motywami klocków, jak i bardziej stonowane, stylowe propozycje.","current_stage":5,"status":"completed","created_at":"2026-01-21T21:18:13.939793+00:00","updated_at":"2026-01-21T21:25:19.65528+00:00"}, 
 {"id":"75fecf49-e70d-436a-a1a9-8b0284b0c371","keyword":"stary lubotyń","language":"Polish","ai_overview_content":"Dziwny, chemiczny zapach wydobywający się z lokalu. Na miejscu odkryto pięć automatów do gry hazardowej","current_stage":1,"status":"knowledge_built","created_at":"2026-01-24T12:45:03.175496+00:00","updated_at":"2026-01-24T12:47:09.495717+00:00"}, 
 {"id":"abc3c137-1e50-42ed-b05b-d54a3b0b97ac","keyword":"Dieta ketogeniczna dla początkujących","language":"Polish","ai_overview_content":null,"current_stage":4,"status":"brief_created","created_at":"2026-01-19T12:35:30.788447+00:00","updated_at":"2026-01-19T12:35:30.788447+00:00"}, 
 {"id":"b9e23177-2ff3-4d54-b99b-bcae1824efad","keyword":"Top 6 hitów z Action. Lepiej zobaczyć to przed zakupami","language":"Polish","ai_overview_content":"W styczniu 2026 roku sieć Action wprowadziła do oferty wiele nowości idealnych na początek roku, w tym produkty wspierające noworoczne postanowienia oraz pierwsze dekoracje wiosenne.","current_stage":5,"status":"completed","created_at":"2026-01-21T10:46:13.752117+00:00","updated_at":"2026-01-21T10:52:40.281511+00:00"}, 
 {"id":"50f14fff-28af-464b-abd2-c55ab4ae1d1c","keyword":"Czy cukier jest drogi ?","language":"Polish","ai_overview_content":"brak","current_stage":2,"status":"headers_generated","created_at":"2026-01-20T20:18:48.482852+00:00","updated_at":"2026-01-20T20:48:33.10889+00:00"}, 
 {"id":"a8e2bb6d-45cc-46cf-93a1-d72870616800","keyword":"Storczyk od dawna nie wypuszcza pąków? Wypróbuj sztuczkę z jabłkiem, szybko zakwitnie","language":"Polish","ai_overview_content":"Sztuczka z jabłkiem opiera się na wydzielaniu przez owoc etylenu – gazu, który u wielu roślin stymuluje proces dojrzewania i zawiązywania pąków kwiatowych.","current_stage":4,"status":"brief_created","created_at":"2026-01-20T23:23:31.87703+00:00","updated_at":"2026-01-20T23:36:39.834116+00:00"}, 
 {"id":"177ba73b-b7e9-4c9b-8e1a-772d908b77a2","keyword":"Jak dbać o pelargonie ?","language":"Polish","ai_overview_content":"brak","current_stage":2,"status":"headers_generated","created_at":"2026-01-20T14:01:25.41185+00:00","updated_at":"2026-01-20T14:03:23.002817+00:00"}, 
 {"id":"3937abb5-b63e-4339-a3d7-6f1d73440323","keyword":"Czy kawa jest zdrowa ?","language":"Polish","ai_overview_content":"Tak, kawa w umiarkowanych ilościach jest zdrowa i może przynosić wiele korzyści, takich jak poprawa koncentracji, przyspieszenie metabolizmu i obniżenie ryzyka niektórych chorób (np. cukrzycy typu 2, chorób wątroby, Parkinsona, Alzheimera), dzięki zawartym antyoksydantom, poprawie krążenia i neuroprzekaźników. Kluczowe jest umiarkowanie (ok. 2-4 filiżanki dziennie, do 400 mg kofeiny) i unikanie dodatków (cukru, śmietanki), które niwelują jej pozytywne działanie; nadmiar może powodować bezsenność i rozdrażnienie.","current_stage":4,"status":"brief_created","created_at":"2026-01-21T11:10:50.791861+00:00","updated_at":"2026-01-21T11:32:12.820588+00:00"}, 
 {"id":"c93b4c62-deff-452a-b472-e15713baa965","keyword":"Iga Świątek gwiazda czy płaczek ?","language":"Polish","ai_overview_content":"brak","current_stage":3,"status":"rag_created","created_at":"2026-01-20T20:55:29.955114+00:00","updated_at":"2026-01-20T21:18:15.355282+00:00"}, 
 {"id":"5698d70f-3a02-4d45-8202-5257ef531920","keyword":"Storczyk od dawna nie wypuszcza pąków?","language":"Polish","ai_overview_content":"Storczyk (inaczej orchidea) to popularna roślina ozdobna, która należy do rodziny storczykowatych (Orchidaceae) i jest ceniona za swoje wyjątkowo piękne, egzotyczne kwiaty, stanowiące ozdobę domów, biur i wnętrz, a niektóre gatunki (jak wanilia) mają też zastosowanie przemysłowe. W naturze występuje na całym świecie, głównie w tropikach, często jako epifit, czyli roślina rosnąca na drzewach, przyczepiając się korzeniami powietrznymi. W Polsce rośnie kilkadziesiąt gatunków, głównie chronionych, na łąkach i leśnych polanach","current_stage":5,"status":"completed","created_at":"2026-01-20T23:39:14.264542+00:00","updated_at":"2026-01-20T23:51:25.993327+00:00"}, 
 {"id":"b9f58ca4-d979-4b0e-a390-d6fcf7ab0cf6","keyword":"Czy kawa szkodzi sercu?","language":"Polish","ai_overview_content":"Nie, umiarkowane picie kawy (2-4 filiżanki dziennie) zazwyczaj nie szkodzi, a może nawet chronić serce, zmniejszając ryzyko chorób układu sercowo-naczyniowego u zdrowych osób, choć nadmiar (5+ filiżanek) lub wrażliwość na kofeinę może być problematyczny, dlatego osoby z nadciśnieniem, arytmią czy innymi problemami kardiologicznymi powinny skonsultować się z lekarzem.","current_stage":5,"status":"completed","created_at":"2026-01-21T11:33:13.902031+00:00","updated_at":"2026-01-21T12:04:17.411891+00:00"}, 
 {"id":"38f208ca-94f3-49fc-bab1-97f47b267010","keyword":"Odwiedzamy Eube","language":"Polish","ai_overview_content":"Eubea (znana również jako Eubeja lub Evia) to druga co do wielkości wyspa Grecji (po Krecie), położona w zachodniej części Morza Egejskiego, tuż przy wybrzeżu kontynentalnym.","current_stage":2,"status":"headers_selected","created_at":"2026-01-20T23:58:18.94319+00:00","updated_at":"2026-01-21T00:11:54.952667+00:00"}, 
 {"id":"85e63246-f0b9-49e5-810e-596ee224f8d9","keyword":"Kawa rozpuszczalna czy naturalna ?","language":"Polish","ai_overview_content":"Wybór między kawą naturalną a rozpuszczalną zależy od priorytetów: kawa naturalna jest zwykle mocniej pobudzająca (więcej kofeiny) i uważana za bardziej \"tradycyjną\", podczas gdy rozpuszczalna jest łagodniejsza, wygodniejsza i zawiera mniej cholesterolu, ale ma więcej szczawianów, co może być problemem przy chorobach nerek. Obie mają antyoksydanty, ale różnią się profilem kofeiny i składników; najlepszy wybór zależy od Twojego organizmu i preferencji smakowych.","current_stage":5,"status":"completed","created_at":"2026-01-21T13:06:11.120013+00:00","updated_at":"2026-01-21T13:23:14.645921+00:00"}, 
 {"id":"636c4ada-c271-4a34-b967-c272dddf695e","keyword":"Odwiedzamy Eube w Grecji","language":"Polish","ai_overview_content":"Odwiedzamy Eube w Grecji","current_stage":2,"status":"headers_selected","created_at":"2026-01-21T00:22:08.726427+00:00","updated_at":"2026-01-21T00:33:41.930431+00:00"}, 
 {"id":"a8e812a0-0dc6-4b36-b350-efda108b30d1","keyword":"co dziś kupić w biedronce ?","language":"Polish","ai_overview_content":"brak","current_stage":3,"status":"rag_created","created_at":"2026-01-20T19:22:25.466445+00:00","updated_at":"2026-01-20T19:25:22.107601+00:00"}, 
 {"id":"8527ed87-6821-46e5-9e66-597777f5b846","keyword":"Jak dbać o pelargonie ?","language":"Polish","ai_overview_content":"brak","current_stage":3,"status":"rag_created","created_at":"2026-01-20T18:44:56.035361+00:00","updated_at":"2026-01-20T19:59:51.439616+00:00"}, 
 {"id":"01d334cf-1c75-4aee-abce-822843609dd2","keyword":"Czy aperol jest zdrowy ?","language":"Polish","ai_overview_content":"brak","current_stage":4,"status":"brief_created","created_at":"2026-01-20T21:33:24.063974+00:00","updated_at":"2026-01-20T22:20:07.139068+00:00"}, 
 {"id":"5da2c3ea-bd7f-4b7a-aeeb-167d104bc278","keyword":"Jaką kawę wybrać na śniadanie ?","language":"Polish","ai_overview_content":"Na śniadanie najlepiej wybrać kawę, która da energię i podkreśli smak posiłku, idealne będą intensywne mieszanki z robustą (na pobudzenie) lub łagodniejsza, wysokiej jakości arabika (dla smaku), najlepiej w postaci świeżo mielonej ziarnistej, parzonej metodą przelewową (np. dripper) lub w ekspresie, pamiętając, by pić ją z lekkim posiłkiem (owsianka, jajecznica) dla stabilizacji energii.","current_stage":5,"status":"completed","created_at":"2026-01-21T09:01:50.475872+00:00","updated_at":"2026-01-21T09:17:36.90638+00:00"}, 
 {"id":"312c01e2-a951-4cc8-a540-d7f7bad17248","keyword":"tanie masło","language":"Polish","ai_overview_content":"Aby znaleźć tanie masło, najlepiej szukać aktualnych promocji w dużych sieciach handlowych, ponieważ ceny regularne mogą się znacznie różnić. Sklepy takie jak Biedronka, Lidl, Kaufland czy Dino często oferują masło w obniżonych cenach, zwłaszcza przy zakupie większej liczby sztuk lub z kartą lojalnościową.","current_stage":5,"status":"completed","created_at":"2026-01-20T21:55:03.938536+00:00","updated_at":"2026-01-20T22:40:37.787633+00:00"}, 
 {"id":"c81380dc-4a84-482c-bb15-c0021e3bc1a5","keyword":"Dlaczego kawa drożeje ?","language":"Polish","ai_overview_content":"brak","current_stage":2,"status":"headers_selected","created_at":"2026-01-20T20:07:35.084136+00:00","updated_at":"2026-01-20T20:10:03.641146+00:00"}, 
 {"id":"f05f2e0d-afc9-4ac5-8ff6-1626bb170023","keyword":"Biedronka przeceniła kawę. Limit 4 sztuki na kartę","language":"Polish","ai_overview_content":"Chociaż dokładna nazwa kawy objętej promocją \"limit 4 sztuki\" nie jest jednoznacznie podana we wszystkich źródłach, liczne doniesienia wskazują na bardzo atrakcyjne obniżki popularnych marek kawy, często z limitem 4 opakowań na kartę Moja Biedronka. \nWoseba Mocca Fix Gold (mielona 500 g): Jedna z często przecenianych kaw, która regularnie pojawia się w ofertach z limitami. Standardowa cena to około 34,49 zł.\nKawa ziarnista (różne marki): Inne promocje dotyczyły kaw ziarnistych, takich jak te z linii Cafe d'Or (np. Single Origin Brasil Barista)","current_stage":2,"status":"headers_generated","created_at":"2026-01-20T23:10:37.048804+00:00","updated_at":"2026-01-20T23:11:53.785305+00:00"}, 
 {"id":"d981eb17-5c07-45a6-9322-501fbf951956","keyword":"JAk dbać o tulipany?","language":"Polish","ai_overview_content":"Aby przedłużyć trwałość tulipanów w wazonie w 2026 roku, należy zadbać o odpowiednie przygotowanie i pielęgnację:\nPrzycinanie końcówek: Przed włożeniem do wody przytnij końcówki łodyg pod kątem prostym lub lekko ukośnym o około 1–2 cm. Najlepiej robić to pod bieżącą wodą, używając ostrego noża, a nie nożyczek, które mogą zmiażdżyć kanaliki przewodzące wodę.\nUsuwanie dolnych liści: Usuń wszystkie liście, które mogłyby być zanurzone w wodzie. Zapobiega to procesom gnilnym i namnażaniu się bakterii.","current_stage":5,"status":"completed","created_at":"2026-01-21T10:16:11.371126+00:00","updated_at":"2026-01-21T10:32:07.531914+00:00"}, 
 {"id":"2ad04526-fb39-4611-88e5-d0001dcabdca","keyword":"Dlaczego kawa drożeje ?","language":"Polish","ai_overview_content":"Kawa drożeje z powodu połączenia czynników klimatycznych (susze w Brazylii, Wietnamie) powodujących mniejsze zbiory, rosnących kosztów produkcji i transportu (energia, nawozy), zwiększonego popytu i spekulacji giełdowych, które windują ceny surowca, tworząc tzw. \"idealną burzę\" na rynku. Problemy te wpływają na wyższe ceny zarówno kawy przemysłowej, jak i specialty, co przekłada się na portfele konsumentów.","current_stage":5,"status":"completed","created_at":"2026-01-21T20:45:57.765464+00:00","updated_at":"2026-01-21T20:57:26.182189+00:00"}, 
 {"id":"60df708d-453f-4609-88d6-9415a47c25f2","keyword":"Co można kupić w Biedronce dla Babci ?","language":"Polish","ai_overview_content":"W Biedronce w styczniu 2026 roku dostępny jest szeroki wybór prezentów z okazji Dnia Babci, obejmujący zarówno upominki okolicznościowe, jak i produkty codziennego użytku w promocyjnych cenach","current_stage":5,"status":"completed","created_at":"2026-01-21T21:42:01.576159+00:00","updated_at":"2026-01-21T21:54:42.971822+00:00"}, 
 {"id":"ebac0f3f-a6a4-4675-aba7-2f406c1b384c","keyword":"Jak dane cenowe wzbogacą artykuły o promocjach w sklepach?","language":"Polish","ai_overview_content":"Wzbogacenie artykułów o promocjach o szczegółowe dane cenowe w 2026 roku znacząco podnosi ich wartość merytoryczną, ułatwiając konsumentom podejmowanie racjonalnych decyzji zakupowych. Poniżej kluczowe aspekty tego wpływu:","current_stage":5,"status":"completed","created_at":"2026-01-21T22:12:09.976953+00:00","updated_at":"2026-01-21T22:19:40.265943+00:00"}, 
 {"id":"138925a7-fd58-4240-9bf5-e2badf48281a","keyword":"Pomidory rzymskie  Minimalna waga opakowania 500 g Cena: 7,49 zł (46% taniej)","language":"Polish","ai_overview_content":"Pomidory rzymskie (zwane też śliwkowymi) to odmiany o wydłużonym kształcie, jędrnym, mięsistym miąższu i małej ilości nasion, co czyni je idealnymi do sosów, przetworów (keczup, koncentrat) oraz do suszenia i grillowania, choć dobrze nadają się też na surowo do sałatek, zachowując kształt po pokrojeniu; popularne odmiany to 'Roma' i 'San Marzano'.","current_stage":2,"status":"headers_selected","created_at":"2026-01-21T23:15:39.780145+00:00","updated_at":"2026-01-21T23:26:47.340185+00:00"}, 
 {"id":"56fd146e-4c5f-43eb-8990-aca405e42769","keyword":"Tłusty Czwartek, gdzie kupić tanio pączki?","language":"Polish","ai_overview_content":"Tanie pączki też w Lidlu i Biedronce\nW wyjątkowo atrakcyjnej dostaniesz pączki też w Biedronce. Jeśli kupisz 6 sztuk pączków z cukrem pudrem, to za każdego z nich zapłacisz jedynie 0,79 gr. Na pozostałe warianty pączków Biedronka oferuje inną promocję – kupując 6 sztuk, jedną (najtańszą) dostaniesz gratis.26","current_stage":5,"status":"completed","created_at":"2026-01-22T07:47:24.921393+00:00","updated_at":"2026-01-22T08:02:35.96956+00:00"}, 
 {"id":"b9209995-249b-49cf-a285-3ad82995a36d","keyword":"Dlaczego kawa drożeje ?","language":"Polish","ai_overview_content":"Kawa drożeje z powodu połączenia czynników klimatycznych (susze w Brazylii, Wietnamie) powodujących mniejsze zbiory, rosnących kosztów produkcji i transportu (energia, nawozy), zwiększonego popytu i spekulacji giełdowych, które windują ceny surowca, tworząc tzw. \"idealną burzę\" na rynku. Problemy te wpływają na wyższe ceny zarówno kawy przemysłowej, jak i specialty, co przekłada się na portfele konsumentów","current_stage":5,"status":"completed","created_at":"2026-01-22T09:38:00.073378+00:00","updated_at":"2026-01-22T09:53:16.877222+00:00"}]