[{"id":"336db6ad-0a5e-4a3e-881d-fdddd8642436","project_id":"8527ed87-6821-46e5-9e66-597777f5b846","header_type":"rozbudowane","headers_html":"<H2>Podstawowa pielęgnacja pelargonii</H2>\n<H3>Podlewanie pelargonii</H3>\n<H3>Nawożenie pelargonii</H3>\n<H3>Odpowiednie oświetlenie dla pelargonii</H3>\n<H3>Optymalna temperatura dla pelargonii</H3>\n<H3>Rozmnażanie pelargonii</H3>\n<H3>Przycinanie pelargonii</H3>\n\n<H2>Warunki idealne dla pelargonii</H2>\n<H3>Odpowiednia gleba dla pelargonii</H3>\n<H3>Sprawdzone metody walki z chorobami</H3>\n<H3>Zwalczanie szkodników na pelargonii</H3>\n<H3>Właściwa wielkość doniczki dla pelargonii</H3>\n<H3>Dobre stanowisko dla pelargonii</H3>","headers_json":null,"is_selected":false,"created_at":"2026-01-20T18:45:52.839802+00:00"}, 
 {"id":"c8874045-94bb-45f1-8446-8e5a2774e0e8","project_id":"50f14fff-28af-464b-abd2-c55ab4ae1d1c","header_type":"h2","headers_html":"<h2>Jakie są aktualne ceny cukru na rynku?</h2>\n<h2>Jakie czynniki wpływają na cenę cukru?</h2>\n<h3>Jak inflacja wpływa na ceny cukru?</h3>\n<h3>Jak popyt i podaż kształtują ceny cukru?</h3>\n<h2>Jak wygląda produkcja cukru w Polsce?</h2>\n<h2>Jakie są alternatywy dla cukru i ich ceny?</h2>\n<h2>Jak ceny cukru w Polsce porównują się z innymi krajami?</h2>\n<h2>Jakie są prognozy cen cukru na najbliższe miesiące?</h2>\n<h2>Jak kupować cukier, aby zaoszczędzić?</h2>\n<h3>Jakie są różnice cen między rodzajami cukru?</h3>\n<h2>Jak gospodarka wpływa na ceny cukru?</h2>","headers_json":null,"is_selected":true,"created_at":"2026-01-20T20:20:49.177982+00:00"}, 
 {"id":"29557ae0-b456-4234-ae30-170765a1a51b","project_id":"abc3c137-1e50-42ed-b05b-d54a3b0b97ac","header_type":"rozbudowane","headers_html":"<h2>Dieta ketogeniczna - kompletny przewodnik dla początkujących</h2><h3>Co to jest dieta keto?</h3><h3>Jak wejść w ketozę?</h3><h3>Co jeść na diecie ketogenicznej?</h3><h3>Czego unikać?</h3><h3>Jadłospis na tydzień</h3><h3>Najczęstsze błędy</h3>","headers_json":null,"is_selected":true,"created_at":"2026-01-19T12:37:33.474498+00:00"}, 
 {"id":"c880dff4-7804-4aae-a351-59606c094b4e","project_id":"8527ed87-6821-46e5-9e66-597777f5b846","header_type":"pytania","headers_html":"<h2>Jak dbać o pelargonie?</h2>\n<h2>Jakie są podstawowe zasady pielęgnacji pelargonii?</h2>\n<h2>Jakie są odpowiednie warunki dla pelargonii?</h2>\n<h3>Jakie światło jest najlepsze dla pelargonii?</h3>\n<h3>Jaką temperaturę preferują pelargonie?</h3>\n<h2>Jak podlewać pelargonie?</h2>\n<h2>Jak nawozić pelargonie?</h2>\n<h2>Jak przycinać pelargonie?</h2>\n<h2>Jak rozmnażać pelargonie?</h2>\n<h2>Jakie są najczęstsze choroby pelargonii?</h2>\n<h3>Jak zwalczać choroby pelargonii?</h3>\n<h2>Jakie szkodniki mogą atakować pelargonie?</h2>\n<h3>Jak chronić pelargonie przed szkodnikami?</h3>\n<h2>Jaką glebę wybrać dla pelargonii?</h2>\n<h2>Jak wybrać odpowiednią doniczkę dla pelargonii?</h2>\n<h2>Jakie stanowisko wybrać dla pelargonii?</h2>","headers_json":null,"is_selected":true,"created_at":"2026-01-20T18:45:53.063105+00:00"}, 
 {"id":"a28baaa9-bbdb-429a-b8fe-c54c6b42d6ba","project_id":"c81380dc-4a84-482c-bb15-c0021e3bc1a5","header_type":"rozbudowane","headers_html":"<H2>Dlaczego kawa drożeje?</H2>\n<H3>Globalne czynniki wpływające na ceny kawy</H3>\n<H3>Klimat a produkcja kawy</H3>\n<H3>Popyt na kawę</H3>\n<H3>Kraje produkujące kawę</H3>\n<H3>Ceny kawy na giełdzie</H3>\n<H3>Produkcja kawy</H3>\n<H3>Zbiory kawy</H3>\n<H3>Wzrost kosztów produkcji kawy</H3>","headers_json":null,"is_selected":false,"created_at":"2026-01-20T20:09:39.440805+00:00"}, 
 {"id":"274b7a3c-0550-43a8-abd1-d3d8913d806a","project_id":"f05f2e0d-afc9-4ac5-8ff6-1626bb170023","header_type":"h2","headers_html":"<h2>Co to jest promocja na kawę w Biedronce?</h2>\n<h2>Jakie kawy są objęte przeceną w Biedronce?</h2>\n<h3>Woseba Mocca Fix Gold</h3>\n<h3>Cafe d'Or</h3>\n<h3>Kawa ziarnista</h3>\n<h2>Jaki jest limit zakupu kawy w promocji?</h2>\n<h3>Dlaczego obowiązuje limit 4 sztuk na kartę?</h3>\n<h2>Jak długo trwa promocja na kawę w Biedronce?</h2>\n<h2>Gdzie można znaleźć aktualne promocje na kawę w Biedronce?</h2>\n<h2>Czy promocja dotyczy wszystkich sklepów Biedronka?</h2>","headers_json":null,"is_selected":false,"created_at":"2026-01-20T23:11:53.701283+00:00"}, 
 {"id":"68baf2c3-fb40-444e-a93d-d5241938aab3","project_id":"c93b4c62-deff-452a-b472-e15713baa965","header_type":"pytania","headers_html":"<h2>Czy Iga Świątek jest gwiazdą tenisa?</h2>\n<h2>Jakie osiągnięcia ma Iga Świątek w swojej karierze?</h2>\n<h2>Jak Iga Świątek radzi sobie z presją w sporcie?</h2>\n<h2>Jakie emocje towarzyszą Idze Świątek podczas rywalizacji?</h2>\n<h2>Co sądzą o Idze Świątek media sportowe?</h2>\n<h2>Jakie kontrowersje związane są z jej występami?</h2>\n<h2>Jak Iga Świątek radzi sobie z krytyką?</h2>\n<h2>Jakie mają oczekiwania fani wobec Igi Świątek?</h2>\n<h2>Jakie są porównania Igą Świątek do innych zawodników?</h2>","headers_json":null,"is_selected":false,"created_at":"2026-01-20T20:56:34.835682+00:00"}, 
 {"id":"f2bdb674-25c2-456a-86f1-8429be517921","project_id":"01d334cf-1c75-4aee-abce-822843609dd2","header_type":"h2","headers_html":"<h2>Czy Aperol jest zdrowy?</h2>\n<h2>Jakie składniki zawiera Aperol?</h2>\n<h2>Ile kalorii ma Aperol?</h2>\n<h2>Jak Aperol wpływa na zdrowie?</h2>\n<h3>Czy Aperol może być częścią zdrowej diety?</h3>\n<h2>Jakie są korzyści z umiarkowanego spożycia Aperolu?</h2>\n<h2>Jakie są zagrożenia związane z piciem Aperolu?</h2>\n<h2>Czy Aperol jest odpowiedni dla wszystkich?</h2>\n<h3>Czy Aperol jest bezpieczny dla osób na diecie?</h3>\n<h2>Jakie są zdrowe alternatywy dla Aperolu?</h2>","headers_json":null,"is_selected":false,"created_at":"2026-01-20T21:35:42.572018+00:00"}, 
 {"id":"7674cce3-32c3-438d-aba1-1b018fcf765b","project_id":"312c01e2-a951-4cc8-a540-d7f7bad17248","header_type":"h2","headers_html":"<h2>Co to jest tanie masło?</h2>\n<h2>Gdzie kupić tanie masło?</h2>\n<h3>Biedronka - promocje na masło</h3>\n<h3>Lidl - oferty na tanie masło</h3>\n<h3>Kaufland - sezonowe promocje na masło</h3>\n<h3>Dino - kart lojalnościowe i oszczędności</h3>\n<h2>Jak znaleźć najlepsze promocje na masło?</h2>\n<h3>Porównanie cen masła w różnych sieciach</h3>\n<h3>Kiedy pojawiają się najlepsze oferty na masło?</h3>\n<h2>Jak oszczędzać na zakupie masła?</h2>\n<h3>Karty lojalnościowe a cena masła</h3>\n<h3>Kupowanie większych ilości masła</h3>\n<h2>Czy tanie masło jest dobrej jakości?</h2>\n<h2>Jak przechowywać masło, aby dłużej zachowało świeżość?</h2>","headers_json":null,"is_selected":false,"created_at":"2026-01-20T21:56:49.176435+00:00"}, 
 {"id":"ac3a184f-17d2-46b3-97fe-557073e0f6ce","project_id":"5698d70f-3a02-4d45-8202-5257ef531920","header_type":"pytania","headers_html":"<h2>Dlaczego storczyk nie wypuszcza pąków?</h2>\n<h2>Jakie są przyczyny braku kwitnienia storczyków?</h2>\n<h2>Jak dbać o storczyki, aby wypuszczały pąki?</h2>\n<h3>Jakie warunki wzrostu są najlepsze dla storczyków?</h3>\n<h3>Jakie znaczenie ma światło dla kwitnienia storczyków?</h3>\n<h3>W jaki sposób wilgotność wpływa na rozwój storczyków?</h3>\n<h2>Jakie nawożenie sprzyja kwitnieniu storczyków?</h2>\n<h3>Jakie nawozy są najlepsze dla storczyków?</h3>\n<h2>Jak rozpoznać potrzeby storczyka?</h2>\n<h3>Jakie objawy mogą wskazywać na problemy ze storczykiem?</h3>\n<h2>Jakie są różne gatunki storczyków i ich wymagania?</h2>\n<h2>Jakie praktyki pielęgnacyjne sprzyjają zdrowiu storczyków?</h2>","headers_json":null,"is_selected":false,"created_at":"2026-01-20T23:40:22.396323+00:00"}, 
 {"id":"326fdea1-dba6-4c7c-bf46-640e460d9de2","project_id":"5698d70f-3a02-4d45-8202-5257ef531920","header_type":"rozbudowane","headers_html":"<H2>Storczyk od dawna nie wypuszcza pąków - Przyczyny i Rozwiązania</H2>\n<H3>Warunki Wzrostu Storczyka</H3>\n<H3>Czynniki Wpływające na Kiepskie Kwitnienie</H3>\n<h2>Czy wszystkie gatunki storczyków kwitną w ten sam sposób?</h2>\n<h2>Jakie są różne gatunki storczyków i ich wymagania?</h2>","headers_json":null,"is_selected":true,"created_at":"2026-01-20T23:40:22.218467+00:00"}, 
 {"id":"d9c4772f-2bc5-48d2-bace-c9f4d6347136","project_id":"38f208ca-94f3-49fc-bab1-97f47b267010","header_type":"h2","headers_html":"<H2>Podróże na Wyspę Eubea</H2>\n<H3>Zwiedzanie Historycznych Miejsc</H3>\n<H3>Rozwijanie Wiedzy o Lokalnej Kulturze</H3>\n<h2>Jakie są najważniejsze atrakcje turystyczne Eubei?</h2>\n<h3>Atrakcje przyrodnicze Eubei</h3>\n<h3>Zabytki historyczne na Eubei</h3>\n<H2>Jakie są opcje zakwaterowania na Eubei?</H2>\n<H2>Co warto wiedzieć o jedzeniu i napojach na Eubei?</H2>","headers_json":null,"is_selected":true,"created_at":"2026-01-21T00:03:39.271925+00:00"}, 
 {"id":"da9582bf-1f8c-4c67-b4a2-369efce18f08","project_id":"d981eb17-5c07-45a6-9322-501fbf951956","header_type":"rozbudowane","headers_html":"<h2>Jakie warunki są potrzebne do wzrostu tulipanów?</h2>\n<h2>Jak dbać o tulipany?</h2>\n<h3>Jaką glebę lubią tulipany?</h3>","headers_json":null,"is_selected":true,"created_at":"2026-01-21T10:17:24.696669+00:00"}, 
 {"id":"f0f2ab8a-ad27-4464-b7cc-e532fad4842d","project_id":"3937abb5-b63e-4339-a3d7-6f1d73440323","header_type":"h2","headers_html":"<h2>Czy kawa jest zdrowa?</h2>\n<h2>Jakie składniki odżywcze zawiera kawa?</h2>\n<h2>Jakie są korzyści zdrowotne picia kawy?</h2>\n<h3>Jak kawa wpływa na układ nerwowy i koncentrację?</h3>\n<h3>Jak kawa wpływa na metabolizm?</h3>\n<h3>Jak kawa wpływa na krążenie krwi?</h3>\n<h3>Jak kawa wpływa na ryzyko chorób przewlekłych?</h3>\n<h2>Ile kawy można pić dziennie?</h2>\n<h3>Jaka jest bezpieczna dawka kofeiny?</h3>\n<h2>Jakie są skutki uboczne picia kawy?</h2>\n<h3>Jak nadmiar kofeiny wpływa na organizm?</h3>\n<h3>Jakie dodatki do kawy mogą zmniejszać jej właściwości zdrowotne?</h3>\n<h2>Kto powinien ograniczyć lub unikać picia kawy?</h2>","headers_json":null,"is_selected":false,"created_at":"2026-01-21T11:13:00.258568+00:00"}, 
 {"id":"c5a9da77-2d9b-430a-b4e6-700422da370c","project_id":"8527ed87-6821-46e5-9e66-597777f5b846","header_type":"h2","headers_html":"<h2>Jak pielęgnować pelargonie?</h2>\n<h2>Jakie stanowisko jest najlepsze dla pelargonii?</h2>\n<h3>Ile światła potrzebują pelargonie?</h3>\n<h3>Jaka temperatura jest odpowiednia dla pelargonii?</h3>\n<h2>Jak podlewać pelargonie?</h2>\n<h3>Jak często podlewać pelargonie?</h3>\n<h3>Jakie są objawy przelania pelargonii?</h3>\n<h2>Jak nawozić pelargonie?</h2>\n<h3>Jakie nawozy są najlepsze dla pelargonii?</h3>\n<h3>Jak często nawozić pelargonie?</h3>\n<h2>Jaką glebę wybrać dla pelargonii?</h2>\n<h2>Jak przycinać pelargonie?</h2>\n<h3>Kiedy przycinać pelargonie?</h3>\n<h3>Jak przycinanie wpływa na kwitnienie pelargonii?</h3>\n<h2>Jak rozmnażać pelargonie?</h2>\n<h3>Jak rozmnażać pelargonie z sadzonek?</h3>\n<h3>Kiedy najlepiej rozmnażać pelargonie?</h3>\n<h2>Jakie doniczki są najlepsze dla pelargonii?</h2>\n<h2>Jakie choroby atakują pelargonie?</h2>\n<h3>Jak rozpoznać choroby pelargonii?</h3>\n<h3>Jak zapobiegać chorobom pelargonii?</h3>\n<h2>Jakie szkodniki atakują pelargonie?</h2>\n<h3>Jak zwalczać szkodniki pelargonii?</h3>","headers_json":null,"is_selected":false,"created_at":"2026-01-20T18:45:53.026122+00:00"}, 
 {"id":"3acc3a4f-073b-4dd4-9f55-18a183fd2223","project_id":"a8e812a0-0dc6-4b36-b350-efda108b30d1","header_type":"rozbudowane","headers_html":"<H2>Co Dziś Kupić w Biedronce?</H2>\n<H3>Najlepsze Produkty w Biedronce Dzisiaj</H3>\n<H3>Promocje w Biedronce na Dziś</H3>\n<H3>Co Warto Kupić w Biedronce?</H3>\n<H2>Oferta Produktów Spożywczych</H2>\n<H2>Sezonowe Produkty i Zniżki</H2>\n<H3>Nowości i Zdrowa Żywność</H3>\n<H3>Przekąski i Napoje</H3>\n<H3>Świeże Owoce i Warzywa</H3>\n<H3>Ceny Artykułów Spożywczych</H3>\n<H2>Codzienne Potrzeby i Lista Zakupów</H2>\n<H3>Świeże Produkty i Zdrowe Alternatywy</H3>\n<H3>Zakupy Online w Biedronce</H3>\n<H2>Program Lojalnościowy Biedronki</H2>\n<H3>Zniżki i Korzyści dla Stałych Klientów</H3>","headers_json":null,"is_selected":false,"created_at":"2026-01-20T19:23:44.4953+00:00"}, 
 {"id":"a4a29832-17a1-4af3-88c9-c633a4d26970","project_id":"c81380dc-4a84-482c-bb15-c0021e3bc1a5","header_type":"h2","headers_html":"<h2>Jakie czynniki wpływają na wzrost cen kawy?</h2>\n<h2>Jak zmiany klimatyczne wpływają na produkcję kawy?</h2>\n<h2>Jak koszty produkcji kawy wpływają na jej cenę?</h2>\n<h2>Jak sytuacja na rynku kawy wpływa na jej ceny?</h2>\n<h2>Jak popyt na kawę wpływa na jej ceny?</h2>\n<h2>Jak ceny kawy na giełdzie kształtują koszty detaliczne?</h2>\n<h2>Jak kraje produkujące kawę wpływają na globalne ceny?</h2>\n<h2>Jak zbiory kawy w danym roku wpływają na jej dostępność?</h2>\n<h2>Jak inflacja wpływa na wzrost cen kawy?</h2>\n<h2>Jak koszty transportu i handlu wpływają na ceny kawy?</h2>","headers_json":null,"is_selected":true,"created_at":"2026-01-20T20:09:39.527761+00:00"}, 
 {"id":"79510e91-76a5-4a95-93fb-7edb65eeaadc","project_id":"50f14fff-28af-464b-abd2-c55ab4ae1d1c","header_type":"pytania","headers_html":"<h2>Czy cukier jest drogi w porównaniu do innych artykułów spożywczych?</h2>\n<h2>Jakie są aktualne ceny cukru na rynku?</h2>\n<h2>Co wpływa na ceny cukru?</h2>\n<h3>Jak inflacja wpływa na koszt cukru?</h3>\n<h3>Jak popyt i podaż kształtują ceny cukru?</h3>\n<h3>Jakie są różnice w cenach różnych rodzajów cukru?</h3>\n<h2>Jakie są globalne trendy na rynku cukru?</h2>\n<h2>Jak produkcja cukru wpływa na jego ceny?</h2>\n<h2>Jak cukier wpływa na gospodarkę?</h2>\n<h2>Jak zakupy dotyczące cukru zmieniają się w zależności od cen?</h2>\n<h2>Czy są alternatywy dla cukru, które mogą być tańsze?</h2>\n<h2>Jak wygląda przyszłość cen cukru w Polsce?</h2>\n<h2>Jak zmiany klimatyczne mogą wpłynąć na ceny cukru?</h2>","headers_json":null,"is_selected":false,"created_at":"2026-01-20T20:20:49.213443+00:00"}, 
 {"id":"862d89ed-cb77-442c-8282-241652d6d40a","project_id":"312c01e2-a951-4cc8-a540-d7f7bad17248","header_type":"pytania","headers_html":"<h2>Co to jest tanie masło?</h2>\n<h2>Jakie są zalety taniego masła?</h2>\n<h2>Gdzie można kupić tanie masło?</h2>\n<h3>Jakie są promocje na masło w Biedronce?</h3>\n<h3>Jakie są promocje na masło w Lidlu?</h3>\n<h3>Jakie są promocje na masło w Kauflandzie?</h3>\n<h3>Jakie są promocje na masło w Dino?</h3>\n<h2>Jakie są ceny taniego masła w różnych sieciach?</h2>\n<h2>Jakie czynniki wpływają na ceny masła?</h2>\n<h2>Jak tanie masło można włączyć do zdrowej diety?</h2>\n<h2>Jakie są oszczędności przy zakupie taniego masła?</h2>\n<h2>Jak tanie masło wypada w porównaniu do droższego masła?</h2>\n<h2>Jakie są opinie na temat taniego masła?</h2>\n<h2>Jakie inne produkty mleczne warto kupić w promocji?</h2>","headers_json":null,"is_selected":true,"created_at":"2026-01-20T21:56:49.211317+00:00"}, 
 {"id":"c9c10842-be18-48c6-9e57-9bf0a6696959","project_id":"a8e812a0-0dc6-4b36-b350-efda108b30d1","header_type":"h2","headers_html":"<h2>Co warto kupić w Biedronce dzisiaj?</h2>\n<h2>Jakie promocje są dostępne w Biedronce?</h2>\n<h2>Jakie produkty spożywcze są warte uwagi?</h2>\n<h2>Jakie sezonowe produkty można znaleźć w Biedronce?</h2>\n<h2>Jakie są najnowsze produkty w Biedronce?</h2>\n<h2>Jakie zdrowe produkty warto kupić w Biedronce?</h2>\n<h2>Jakie przekąski i napoje są w promocji?</h2>\n<h2>Jakie świeże owoce i warzywa warto wybrać?</h2>\n<h2>Jak zaplanować listę zakupów w Biedronce?</h2>\n<h2>Jak korzystać z programu lojalnościowego Biedronki?</h2>\n<h2>Jak robić zakupy online w Biedronce?</h2>","headers_json":null,"is_selected":false,"created_at":"2026-01-20T19:23:44.618567+00:00"}, 
 {"id":"eb6feec6-c02f-42f1-8f34-d0d81361648b","project_id":"c81380dc-4a84-482c-bb15-c0021e3bc1a5","header_type":"pytania","headers_html":"<h2>Dlaczego kawa drożeje?</h2>\n<h2>Jakie są główne czynniki wpływające na ceny kawy?</h2>\n<h2>Jak inflacja wpływa na rynek kawy?</h2>\n<h2>Jak popyt i podaż kształtują ceny kawy?</h2>\n<h2>Jak koszty produkcji wpływają na ceny kawy?</h2>\n<h2>Jak zmiany klimatyczne wpływają na uprawy kawy?</h2>\n<h2>Jaka jest rola transportu w kształtowaniu cen kawy?</h2>\n<h2>Jakie są różnice między kawą Arabica a Robusta w kontekście cen?</h2>\n<h2>Jak zbiory kawy wpływają na ceny na rynku?</h2>\n<h2>Jak sytuacja na giełdzie wpływa na ceny kawy?</h2>\n<h2>Jak handel międzynarodowy wpływa na rynek kawy?</h2>","headers_json":null,"is_selected":false,"created_at":"2026-01-20T20:09:39.637158+00:00"}, 
 {"id":"f7dda748-cc50-4f05-9850-1da2ed9182e2","project_id":"c93b4c62-deff-452a-b472-e15713baa965","header_type":"rozbudowane","headers_html":"<H2>Iga Świątek: Gwiazda Tenisa</H2>\n<H3>Rywalizacja i Osiągnięcia</H3>\n<H3>Presja i Emocje na Korcie</H3>\n<H3>Publiczność i Reakcje na Sukcesy</H3>\n\n<H2>Kontrowersje wokół Igi Świątek</H2>\n<H3>Media a Image Tenisistki</H3>\n<H3>Oczekiwania i Kontrowersyjne Wypowiedzi</H3>\n\n<H2>Analiza Występów Igi Świątek</H2>\n<H3>Krytyka a Motywacja do Sukcesu</H3>\n<H3>Sukcesy kontra Kontrowersje</H3>\n<H3>Osobowość Tenisistki a Odbiór w Społeczeństwie</H3>","headers_json":null,"is_selected":false,"created_at":"2026-01-20T20:56:34.714296+00:00"}, 
 {"id":"14c1b65c-26ca-4c7f-8aba-69bdbabe5d82","project_id":"01d334cf-1c75-4aee-abce-822843609dd2","header_type":"pytania","headers_html":"<h2>Czy Aperol jest zdrowy?</h2>\n<h2>Jakie są składniki Aperolu?</h2>\n<h2>Jakie są kalorie w Aperolu?</h2>\n<h2>Jak Aperol wpływa na zdrowie?</h2>\n<h2>Jak umiarkowane spożycie Aperolu wpływa na zdrowie?</h2>\n<h2>Jakie są korzyści zdrowotne Aperolu?</h2>\n<h2>Jakie dostrzega się zagrożenia związane z piciem Aperolu?</h2>\n<h2>Jak Aperol wpisuje się w zdrowe nawyki żywieniowe?</h2>\n<h2>Czy Aperol można stosować w diecie?</h2>","headers_json":null,"is_selected":true,"created_at":"2026-01-20T21:35:42.611762+00:00"}, 
 {"id":"368f516c-8ac2-456e-a1c7-d0bfc845d289","project_id":"a8e2bb6d-45cc-46cf-93a1-d72870616800","header_type":"rozbudowane","headers_html":"<H2>Jak stymulować kwitnienie storczyka</H2>\n<H3>Sztuczka z jabłkiem wspomagająca wypuszczanie pąków</H3>\n<H3>Dlaczego storczyk przestaje wypuszczać pąki?</H3>\n<H3>Rola etylenu w procesie kwitnienia storczyków</H3>\n<H2>Pielęgnacja storczyków</H2>\n<h2>Jakie warunki są niezbędne do zakwitnięcia storczyka?</h2>","headers_json":null,"is_selected":true,"created_at":"2026-01-20T23:25:13.424229+00:00"}, 
 {"id":"995689c2-5522-41b5-8c7c-39008f83e298","project_id":"38f208ca-94f3-49fc-bab1-97f47b267010","header_type":"pytania","headers_html":"<H2>Co to jest Eubea?</H2>\n<H2>Jakie są główne atrakcje turystyczne Eubei?</H2>\n<H2>Jakie są najważniejsze aspekty kultury Eubei?</H2>\n<H2>Jaka jest historia Eubei?</H2>\n<H2>Jakie są tradycje i zwyczaje mieszkańców Eubei?</H2>\n<H2>Jakie są najlepsze miejsca do zwiedzania na Eubei?</H2>\n<H2>Jak dotrzeć do Eubei?</H2>\n<H2>Jakie są najlepsze pory roku na odwiedziny Eubei?</H2>\n<H2>Jakie są opcje zakwaterowania na Eubei?</H2>\n<H2>Co warto wiedzieć o jedzeniu i napojach na Eubei?</H2>\n<H2>Jakie aktywności na świeżym powietrzu można uprawiać na Eubei?</H2>\n<H2>Jakie są lokalne festiwale i wydarzenia na Eubei?</H2>\n<H2>Jakie są zalety turystyki na Eubei?</H2>","headers_json":null,"is_selected":false,"created_at":"2026-01-21T00:03:39.336726+00:00"}, 
 {"id":"73226c4f-2924-43cf-bc54-74882fd9a810","project_id":"a8e2bb6d-45cc-46cf-93a1-d72870616800","header_type":"pytania","headers_html":"<h2>Dlaczego storczyk nie wypuszcza pąków?</h2>\n<h2>Jak przyspieszyć kwitnienie storczyka?</h2>\n<h2>Czym jest sztuczka z jabłkiem dla storczyków?</h2>\n<h3>Jak działa etylen w sztuczce z jabłkiem?</h3>\n<h2>Jak pielęgnować storczyki, aby wspierać ich kwitnienie?</h2>\n<h3>Jakie są inne metody na stymulowanie kwitnienia storczyków?</h3>\n<h2>Jakie warunki są niezbędne do zakwitnięcia storczyka?</h2>\n<h3>Jak temperatura wpływa na kwitnienie storczyków?</h3>\n<h3>Jak podlewanie wpływa na wydawanie pąków przez storczyki?</h3>","headers_json":null,"is_selected":false,"created_at":"2026-01-20T23:25:13.547921+00:00"}, 
 {"id":"d7b5112e-2c74-4eec-b0f6-5cdc57d8edbe","project_id":"a8e2bb6d-45cc-46cf-93a1-d72870616800","header_type":"h2","headers_html":"<h2>Dlaczego storczyk nie wypuszcza pąków?</h2>\n<h2>Jak działa sztuczka z jabłkiem na storczyki?</h2>\n<h3>Jak etylen wpływa na kwitnienie storczyków?</h3>\n<h2>Jak zastosować sztuczkę z jabłkiem?</h2>\n<h3>Jak długo trzymać jabłko przy storczyku?</h3>\n<h2>Jakie są inne metody stymulacji kwitnienia storczyków?</h2>\n<h2>Jakie warunki są potrzebne storczykom do kwitnienia?</h2>\n<h3>Jak pielęgnować storczyka, aby regularnie kwitł?</h3>\n<h2>Czy sztuczka z jabłkiem jest bezpieczna dla storczyków?</h2>\n<h2>Jak często można stosować sztuczkę z jabłkiem?</h2>\n<h2>Jakie są oznaki, że sztuczka z jabłkiem działa?</h2>","headers_json":null,"is_selected":false,"created_at":"2026-01-20T23:25:13.510368+00:00"}, 
 {"id":"8eeff3dd-8291-48f6-9154-376f754e4fad","project_id":"5698d70f-3a02-4d45-8202-5257ef531920","header_type":"h2","headers_html":"<h2>Dlaczego storczyk nie wypuszcza pąków?</h2>\n<h2>Jakie warunki są potrzebne do kwitnienia storczyka?</h2>\n<h3>Jakie światło jest najlepsze dla storczyka?</h3>\n<h3>Jaka wilgotność sprzyja kwitnieniu storczyka?</h3>\n<h2>Jak pielęgnować storczyka, aby wypuszczał pąki?</h2>\n<h3>Jak często podlewać storczyka?</h3>\n<h3>Jakie nawożenie stosować dla storczyka?</h3>\n<h2>Czy wszystkie gatunki storczyków kwitną w ten sam sposób?</h2>\n<h2>Jakie błędy w uprawie mogą hamować kwitnienie storczyka?</h2>\n<h2>Czy storczyk może kwitnąć przez cały rok?</h2>","headers_json":null,"is_selected":false,"created_at":"2026-01-20T23:40:22.358632+00:00"}, 
 {"id":"aa3c7a2f-4a94-4f32-b7f3-9e3d61797218","project_id":"636c4ada-c271-4a34-b967-c272dddf695e","header_type":"rozbudowane","headers_html":"<H2>Czym jest Euba w Grecji?</H2>\n<H2>Atrakcje turystyczne na Eube</H2>\n<H3>Piękne plaże</H3>\n<H3>Historyczne miejsca</H3>\n<H2>Kultura i historia Euby</H2>\n<H3>Tradycje kulturowe</H3>\n<H3>Historia wyspy</H3>\n<H2>Dlaczego Euba jest popularnym celem turystycznym?</H2>\n<H2>Podróż na Eubę - Praktyczne informacje</H2>\n<H3>Jak dotrzeć na wyspę Eubę</H3>\n<H3>Gdzie się zatrzymać</H3>\n<H3>Co warto wiedzieć przed podróżą</H3>","headers_json":null,"is_selected":false,"created_at":"2026-01-21T00:23:01.186693+00:00"}, 
 {"id":"528b89f6-1631-478d-bcce-c88e0c777f6c","project_id":"636c4ada-c271-4a34-b967-c272dddf695e","header_type":"h2","headers_html":"<H2>Podróż na Eubę - Praktyczne informacje</H2>\n<H3>Jak dotrzeć na wyspę Eubę</H3>\n<H3>Gdzie się zatrzymać</H3>\n<H3>Historia wyspy</H3>\n<H3>Tradycje kulturowe</H3>\n<H2>Dlaczego Euba jest popularnym celem turystycznym?</H2>","headers_json":null,"is_selected":true,"created_at":"2026-01-21T00:23:01.288524+00:00"}, 
 {"id":"f089a4a8-0a91-484a-8b7e-3771f6442999","project_id":"312c01e2-a951-4cc8-a540-d7f7bad17248","header_type":"rozbudowane","headers_html":"<H2>Cena i Zakupy</H2>\n<H3>Gdzie Kupić Tanie Masło?</H3>\n<H3>Promocje na Produkty Mleczne</H3>\n<H3>Jak Oszczędzać na Zakupach</H3>","headers_json":null,"is_selected":false,"created_at":"2026-01-20T21:56:49.095915+00:00"}, 
 {"id":"dc23f857-bfc2-4ea0-8c06-479b044b998e","project_id":"a8e812a0-0dc6-4b36-b350-efda108b30d1","header_type":"pytania","headers_html":"<h2>Co dzisiaj kupić w Biedronce?</h2>\n<h2>Jakie są aktualne promocje w Biedronce?</h2>\n<h2>Jakie świeże produkty są dostępne dzisiaj w Biedronce?</h2>\n<h2>Jakie sezonowe produkty można znaleźć w Biedronce?</h2>\n<h2>Jakie artykuły spożywcze warto kupić w Biedronce?</h2>\n<h2>Jakie zniżki obowiązują w Biedronce w tym tygodniu?</h2>\n<h2>Co warto mieć na liście zakupów do Biedronki?</h2>\n<h2>Jakie zdrowe żywności są dostępne w Biedronce?</h2>\n<h2>Jakie przekąski można znaleźć w Biedronce?</h2>\n<h2>Jakie napoje są w promocji w Biedronce?</h2>\n<h2>Jakie świeże owoce i warzywa kupić w Biedronce dzisiaj?</h2>\n<h2>Jakie nowości w ofercie Biedronki warto sprawdzić?</h2>\n<h2>Jakie produkty są często w dobrej cenie w Biedronce?</h2>","headers_json":null,"is_selected":true,"created_at":"2026-01-20T19:23:44.654681+00:00"}, 
 {"id":"fafa6b23-d34f-418d-ba67-6b1d2c6d7507","project_id":"177ba73b-b7e9-4c9b-8e1a-772d908b77a2","header_type":"rozbudowane","headers_html":"<h2>Podstawowe zasady pielęgnacji pelargonii</h2>\n<h3>Wymagania świetlne pelargonii</h3>\n<h3>Podlewanie i nawadnianie pelargonii</h3>\n<h3>Nawożenie pelargonii</h3>\n<h3>Przesadzanie pelargonii</h3>\n\n<h2>Najczęstsze błędy w uprawie pelargonii</h2>\n<h3>Choroby pelargonii</h3>\n<h3>Ochrona pelargonii przed zimą</h3>\n\n<h2>Rodzaje pelargonii</h2>\n<h3>Wpływ rodzajów pelargonii na pielęgnację</h3>\n\n<h2>Zimowanie pelargonii</h2>\n<h3>Techniki przechowywania pelargonii w okresie zimowym</h3>","headers_json":null,"is_selected":false,"created_at":"2026-01-20T14:03:22.828411+00:00"}, 
 {"id":"dd0a6e13-44d9-47eb-be50-94cf4a756308","project_id":"177ba73b-b7e9-4c9b-8e1a-772d908b77a2","header_type":"h2","headers_html":"<h2>Jak dbać o pelargonie?</h2>\n<h2>Jakie są podstawowe zasady pielęgnacji pelargonii?</h2>\n<h3>Jak podlewać pelargonie?</h3>\n<h3>Jak nawozić pelargonie?</h3>\n<h3>Jakie stanowisko jest najlepsze dla pelargonii?</h3>\n<h2>Jakie są wymagania świetlne pelargonii?</h2>\n<h2>Jakie są optymalne warunki temperaturowe dla pelargonii?</h2>\n<h2>Jak przesadzać pelargonie?</h2>\n<h3>Jaką doniczkę wybrać dla pelargonii?</h3>\n<h2>Jak przycinać pelargonie?</h2>\n<h2>Jak rozmnażać pelargonie?</h2>\n<h2>Jakie choroby mogą atakować pelargonie?</h2>\n<h3>Jakie szkodniki zagrażają pelargoniom?</h3>\n<h2>Jak dbać o pelargonie zimą?</h2>\n<h3>Jak zabezpieczyć pelargonie przed zimą?</h3>\n<h3>Jak przechowywać pelargonie w okresie zimowym?</h3>\n<h2>Jakie są rodzaje pelargonii?</h2>\n<h2>Jak zapewnić obfite kwitnienie pelargonii?</h2>","headers_json":null,"is_selected":false,"created_at":"2026-01-20T14:03:22.918061+00:00"}, 
 {"id":"17d52402-61b2-4b3e-bc0a-26dc994d2470","project_id":"177ba73b-b7e9-4c9b-8e1a-772d908b77a2","header_type":"pytania","headers_html":"```html\n<h2>Co to jest pelargonia?</h2>\n<h2>Jakie są podstawowe zasady pielęgnacji pelargonii?</h2>\n<h2>Jak podlewać pelargonie?</h2>\n<h3>Jak często podlewać pelargonie?</h3>\n<h3>Jakie są oznaki nadmiaru lub braku wody w pelargoniach?</h3>\n<h2>Jak nawozić pelargonie?</h2>\n<h3>Jakie nawozy są najlepsze dla pelargonii?</h3>\n<h2>Jakie są wymagania świetlne pelargonii?</h2>\n<h2>Jakie są optymalne temperatury dla pelargonii?</h2>\n<h2>Jak przesadzać pelargonie?</h2>\n<h2>Jak przeprowadzać przycinanie pelargonii?</h2>\n<h2>Jak wygląda pielęgnacja zimowa pelargonii?</h2>\n<h2>Jakie choroby mogą występować u pelargonii?</h2>\n<h3>Jak rozpoznać choroby pelargonii?</h3>\n<h2>Jak radzić sobie ze szkodnikami na pelargoniach?</h2>\n<h2>Jak rozmnażać pelargonie?</h2>\n<h2>Jakie są rodzaje pelargonii i jak się różnią w pielęgnacji?</h2>\n<h2>Jakie są najczęstsze błędy w uprawie pelargonii?</h2>\n```","headers_json":null,"is_selected":false,"created_at":"2026-01-20T14:03:22.961883+00:00"}, 
 {"id":"8451cc33-ab7d-450e-9de9-29018638a2f7","project_id":"50f14fff-28af-464b-abd2-c55ab4ae1d1c","header_type":"rozbudowane","headers_html":"<H2>Czy cukier jest drogi?</H2>\n<H3>Aktualne ceny cukru na rynku</H3>\n<H3>Czynniki wpływające na cenę cukru</H3>\n<H3>Porównanie cen cukru w różnych krajach</H3>\n<H3>Popyt na cukier w różnych sektorach</H3>\n<H3>Produkcja cukru a dostępność na rynku</H3>\n<H3>Wahania cen cukru a czynniki rynkowe</H3>\n<H3>Alternatywy dla cukru w przypadku wysokich cen</H3>\n<H3>Cukier a zdrowie ludzi</H3>\n<H3>Rola cukru w codziennej diecie</H3>\n<H3>Związki między spożyciem cukru a otyłością</H3>\n<H3>Wpływ cukru na osoby z cukrzycą</H3>\n<H3>Zastosowanie cukru w różnych gałęziach przemysłu</H3>\n<H3>Skutki zdrowotne cukru w pieczeniu</H3>\n<H3>Cukier organiczny - rosnąca popularność</H3>\n<H3>Cukier w napojach słodzonych</H3>\n<H3>Możliwe reakcje alergiczne na cukier</H3>","headers_json":null,"is_selected":false,"created_at":"2026-01-20T20:20:49.016012+00:00"}, 
 {"id":"e5acffc5-b40a-4805-87b5-7025c14264f1","project_id":"c93b4c62-deff-452a-b472-e15713baa965","header_type":"h2","headers_html":"<h2>Kim jest Iga Świątek?</h2>\n<h2>Jakie są największe osiągnięcia Igi Świątek?</h2>\n<h2>Czy Iga Świątek to gwiazda tenisa?</h2>\n<h2>Jakie kontrowersje dotyczą Igi Świątek?</h2>\n<h2>Jak Iga Świątek radzi sobie z presją?</h2>\n<h2>Jakie emocje towarzyszą występom Igi Świątek?</h2>\n<h2>Jak media sportowe przedstawiają Iga Świątek?</h2>\n<h2>Jakie są oczekiwania wobec Igi Świątek?</h2>\n<h2>Jak fani reagują na występy Igi Świątek?</h2>\n<h2>Czy sukcesy Igi Świątek wpływają na polski tenis?</h2>","headers_json":null,"is_selected":true,"created_at":"2026-01-20T20:56:34.794735+00:00"}, 
 {"id":"21a3bbd7-852e-4ba4-8438-50ca1950114c","project_id":"01d334cf-1c75-4aee-abce-822843609dd2","header_type":"rozbudowane","headers_html":"<h2>Czy Aperol Jest Zdrowy?</h2>\n<h3>Składniki Aperolu i Ich Wpływ na Zdrowie</h3>\n<h3>Kaloryczność Aperolu</h3>\n<h3>Dieta a Spożycie Aperolu</h3>\n<h2>Korzyści i Zagrożenia Związane z Piciem Aperolu</h2>\n<h3>Aperol a Zdrowe Nawyki Żywieniowe</h3>\n<h3>Umairkowane Spożycie Aperolu</h3>\n<h3>Alkohol a Zdrowie - Jak Umiarkowanie Spożywać Napoje Alkoholowe</h3>","headers_json":null,"is_selected":false,"created_at":"2026-01-20T21:35:42.489925+00:00"}, 
 {"id":"ac22820a-7ab2-4ee4-8a37-88e83da1ac1c","project_id":"f05f2e0d-afc9-4ac5-8ff6-1626bb170023","header_type":"rozbudowane","headers_html":"**<h2>Biedronka Przeceniła Kawę: Limit 4 Sztuki na Kartę</h2>**\n\n**<h3>Kawy Objęte Promocją</h3>**\n- Woseba Mocca Fix Gold\n- Cafe d'Or\n\n**<h3>Typy Kaw Objętych Promocją</h3>**\n- Mielona Kawa\n- Kawy Ziarniste\n\n**<h3>Woseba Mocca Fix Gold w Promocji</h3>**\n- Popularność i Dostępność\n\n**<h3>Cafe d'Or w Promocji</h3>**\n- Różnorodność i Dostępność Kaw\n\n**<h3>Możliwość Promocyjnych Na Kawy Ziarniste</h3>**\n- Oferty Promocyjne w Biedronce","headers_json":null,"is_selected":false,"created_at":"2026-01-20T23:11:53.528515+00:00"}, 
 {"id":"faf74a4d-9f4c-4421-8894-20c5c85b0e7a","project_id":"f05f2e0d-afc9-4ac5-8ff6-1626bb170023","header_type":"pytania","headers_html":"```html\n<h2>Jakie kawy są przecenione w Biedronce?</h2>\n<h2>Co oznacza limit 4 sztuk na kartę?</h2>\n<h2>Jakie są korzyści z zakupu kawy z promocji w Biedronce?</h2>\n<h2>Jakie marki kawy można znaleźć w przecenie?</h2>\n<h3>Jakie kawy ziarniste są objęte promocją?</h3>\n<h3>Jakie kawy mielone są dostępne w ofercie?</h3>\n<h2>Jakie są zasady promocji na kawę w Biedronce?</h2>\n<h2>Kiedy można skorzystać z promocji na kawę?</h2>\n<h2>Jakie są inne promocje na kawę w Biedronce?</h2>\n<h2>Czy są jakieś ograniczenia przy zakupie kawy?</h2>\n```","headers_json":null,"is_selected":false,"created_at":"2026-01-20T23:11:53.744793+00:00"}, 
 {"id":"01e0d9c7-b093-431d-bc72-7032b6609331","project_id":"38f208ca-94f3-49fc-bab1-97f47b267010","header_type":"rozbudowane","headers_html":"<H2>Czym Jest Eubea?</H2>\n<H3>Wielka Wyspa Morza Egejskiego</H3>\n<H3>Drugie Co Do Wielkości Grecyjskie Wyspiarskie Terytorium</H3>\n\n<H2>Atrakcje Turystyczne Eubei</H2>\n<H3>Historia i Kultura</H3>\n<H3>Przyrodnicze Piękno</H3>\n\n<H2>Odkrywanie Kultury Eubei</H2>\n<H3>Zwyczaje i Tradycje</H3>\n<H3>Wpływ Kultury na Życie Mieszkańców</H3>\n\n<H2>Podróże na Wyspę Eubea</H2>\n<H3>Atrakcje Turystyczne</H3>\n<H3>Zwiedzanie Historycznych Miejsc</H3>\n<H3>Rozwijanie Wiedzy o Lokalnej Kulturze</H3>\n\n<H2>Ciekawostki z Historii Eubei</H2>\n<H3>Historia Wyspy i Jej Znaczenie</H3>\n<H3>Interesujące Wydarzenia Związane z Eubea</H3>","headers_json":null,"is_selected":false,"created_at":"2026-01-21T00:03:39.171627+00:00"}, 
 {"id":"30d67922-03f2-4c2c-a418-a66651160bfb","project_id":"636c4ada-c271-4a34-b967-c272dddf695e","header_type":"pytania","headers_html":"<h2>Co to jest Euba?</h2>\n<h2>Jakie są historia i kultura Euby?</h2>\n<h2>Jakie atrakcje turystyczne można znaleźć na Eubie?</h2>\n<h3>Jakie są najpiękniejsze plaże na Eubie?</h3>\n<h3>Jakie zabytki historyczne można zwiedzić na Eubie?</h3>\n<h3>Jakie miejsca związane z kulturą warto odwiedzić na Eubie?</h3>\n<h2>Jak zaplanować podróż na Eubę?</h2>\n<h3>Jakie są najlepsze okresy na wizytę na Eubie?</h3>\n<h3>Jakie środki transportu są dostępne na Eubie?</h3>\n<h2>Jakie są lokalne potrawy i przysmaki Euby?</h2>\n<h2>Jakie są preferencje turystów odwiedzających Eubę?</h2>\n<h2>Jakie aktywności można wykonywać na Eubie?</h2>\n<h3>Jakie możliwości oferuje Euba dla miłośników sportów wodnych?</h3>\n<h3>Jakie szlaki turystyczne są dostępne na Eubie?</h3>\n<h2>Co warto wiedzieć przed podróżą na Eubę?</h2>\n<h3>Jakie są porady dotyczące bezpieczeństwa i zdrowia na Eubie?</h3>\n<h3>Jak przygotować się do wyjazdu na Eubę pod względem logistycznym?</h3>","headers_json":null,"is_selected":false,"created_at":"2026-01-21T00:23:01.345843+00:00"}, 
 {"id":"e6bae21a-db1f-4fed-b3fb-bbaf6245f35d","project_id":"5da2c3ea-bd7f-4b7a-aeeb-167d104bc278","header_type":"h2","headers_html":"<h2>Jaką kawę wybrać na śniadanie?</h2>\n<h2>Jakie rodzaje kawy są najlepsze na śniadanie?</h2>\n<h3>Kawa z robustą na śniadanie</h3>\n<h3>Kawa z arabiką na śniadanie</h3>\n<h3>Kawa ziarnista na śniadanie</h3>\n<h2>Jakie metody parzenia kawy są najlepsze na śniadanie?</h2>\n<h3>Ekspres do kawy na śniadanie</h3>\n<h3>Dripper na śniadanie</h3>\n<h2>Jakie posiłki najlepiej komponują się z kawą na śniadanie?</h2>\n<h2>Jak smak i aromat kawy wpływają na wybór na śniadanie?</h2>\n<h2>Jakie są zalety picia kawy na śniadanie?</h2>\n<h2>Czy kawa na śniadanie dostarcza energii?</h2>","headers_json":null,"is_selected":false,"created_at":"2026-01-21T09:03:26.074958+00:00"}, 
 {"id":"b87f26df-06fb-4665-8ce7-2a66b3baaafd","project_id":"5da2c3ea-bd7f-4b7a-aeeb-167d104bc278","header_type":"pytania","headers_html":"```html\n<H2>Jaką kawę wybrać na śniadanie?</H2>\n<H2>Jakie są różne rodzaje kawy?</H2>\n<H3>Co to jest kawa z arabiką?</H3>\n<H3>Co to jest kawa z robustą?</H3>\n<H3>Co to jest kawa mielona oraz kawa ziarnista?</H3>\n<H2>Jak parzyć kawę, aby uzyskać najlepszy smak?</H2>\n<H3>Jakie są popularne metody parzenia kawy?</H3>\n<H3>Jak używać ekspresu do kawy?</H3>\n<H3>Jak korzystać z drippera do parzenia kawy?</H3>\n<H2>Jak smak kawy wpływa na wybór na śniadanie?</H2>\n<H3>Jak aromat kawy może wpłynąć na doznania podczas picia?</H3>\n<H2>Jakie są zalety picia kawy na śniadanie?</H2>\n<H3>Jak kawa wpływa na poziom energii?</H3>\n<H2>Jak kawa z kofeiną wpływa na organizm?</H2>\n<H3>Jak kawiarnia może wpłynąć na efekty po spożyciu kawy?</H3>\n<H2>Jakie lekkie posiłki najlepiej komponują się z kawą?</H2>\n<H3>Co zjeść na śniadanie z kawą?</H3>\n```","headers_json":null,"is_selected":false,"created_at":"2026-01-21T09:03:26.110636+00:00"}, 
 {"id":"c5bae203-5498-41fd-a6a7-5ea19520d888","project_id":"5da2c3ea-bd7f-4b7a-aeeb-167d104bc278","header_type":"rozbudowane","headers_html":"<h2>Jakie rodzaje kawy są najlepsze na śniadanie?</h2>\n<h3>Kawa ziarnista na śniadanie</h3>\n<h3>Kawa z robustą na śniadanie</h3>\n<h3>Kawa z arabiką na śniadanie</h3>\n<H2>Jak parzyć kawę, aby uzyskać najlepszy smak?</H2>\n<H3>Jakie są popularne metody parzenia kawy?</H3>\n<H3>Jak używać ekspresu do kawy?</H3>\n<H2>Jakie lekkie posiłki najlepiej komponują się z kawą?</H2>\n<H3>Co zjeść na śniadanie z kawą?</H3>","headers_json":null,"is_selected":true,"created_at":"2026-01-21T09:03:26.002517+00:00"}, 
 {"id":"a73cd088-cf3e-46dd-94ea-da107654b16d","project_id":"d981eb17-5c07-45a6-9322-501fbf951956","header_type":"h2","headers_html":"<h2>Jak dbać o tulipany?</h2>\n<h2>Jakie warunki są najlepsze dla tulipanów?</h2>\n<h3>Jakie stanowisko wybrać dla tulipanów?</h3>\n<h3>Jaka gleba jest odpowiednia dla tulipanów?</h3>\n<h3>Jakie światło i temperatura są optymalne dla tulipanów?</h3>\n<h2>Jak prawidłowo podlewać tulipany?</h2>\n<h3>Jak często podlewać tulipany?</h3>\n<h3>Jak uniknąć przelania tulipanów?</h3>\n<h2>Jak nawozić tulipany?</h2>\n<h3>Kiedy i czym nawozić tulipany?</h3>\n<h2>Jak sadzić tulipany?</h2>\n<h3>Kiedy sadzić cebulki tulipanów?</h3>\n<h3>Jak głęboko sadzić tulipany?</h3>\n<h2>Jak rozmnażać tulipany?</h2>\n<h2>Jak przycinać tulipany?</h2>\n<h3>Jak przycinać końcówki tulipanów?</h3>\n<h3>Jak usuwać dolne liście tulipanów?</h3>\n<h2>Jak przechowywać cebulki tulipanów?</h2>\n<h2>Jakie choroby i szkodniki atakują tulipany?</h2>\n<h3>Jak zapobiegać chorobom tulipanów?</h3>\n<h2>Jakie są popularne odmiany tulipanów?</h2>","headers_json":null,"is_selected":false,"created_at":"2026-01-21T10:17:24.762963+00:00"}, 
 {"id":"554b1f3d-c0f1-4c5a-98ee-81bc097a0fb4","project_id":"d981eb17-5c07-45a6-9322-501fbf951956","header_type":"pytania","headers_html":"```html\n<h2>Jak dbać o tulipany?</h2>\n<h2>Jakie warunki są potrzebne do wzrostu tulipanów?</h2>\n<h3>Jakie jest odpowiednie stanowisko słoneczne dla tulipanów?</h3>\n<h3>Jaką glebę lubią tulipany?</h3>\n<h3>Jakie są wymagania dotyczące światła dla tulipanów?</h3>\n<h3>Jaka temperatura jest najlepsza dla tulipanów?</h3>\n<h3>Jaka wilgotność jest odpowiednia dla tulipanów?</h3>\n<h2>Jak sadzić tulipany?</h2>\n<h3>Jak przygotować cebulki tulipanów do sadzenia?</h3>\n<h3>Kiedy jest najlepszy czas na sadzenie tulipanów?</h3>\n<h2>Jak podlewać tulipany?</h2>\n<h3>Jak często należy podlewać tulipany?</h3>\n<h3>Czy tulipany preferują nawadnianie ręczne czy automatyczne?</h3>\n<h2>Jak nawozić tulipany?</h2>\n<h3>Jakie nawozy najlepiej stosować do tulipanów?</h3>\n<h2>Jak pielęgnować tulipany po zakwitnięciu?</h2>\n<h3>Jak przycinać końcówki tulipanów?</h3>\n<h3>Jak usuwać dolne liście tulipanów?</h3>\n<h2>Jak rozmnażać tulipany?</h2>\n<h3>Jakie są metody rozmnażania tulipanów?</h3>\n<h2>Jakie są najczęstsze choroby tulipanów?</h2>\n<h3>Jak rozpoznawać choroby tulipanów?</h3>\n<h3>Jak zapobiegać chorobom tulipanów?</h3>\n<h2>Jakie są popularne odmiany tulipanów?</h2>\n<h3>Jakie są różnice między odmianami tulipanów?</h3>\n```","headers_json":null,"is_selected":false,"created_at":"2026-01-21T10:17:24.797261+00:00"}, 
 {"id":"49fc75bb-b566-4ee5-b142-4582c73004e3","project_id":"b9e23177-2ff3-4d54-b99b-bcae1824efad","header_type":"rozbudowane","headers_html":"<H2>Najpopularniejsze Hity z Action</H2>\n<H3>Lista Top 6 Hitów z Action</H3>\n<H3>Recenzje i Rekomendacje Produktów</H3>\n\n<H2>Zakupy w Action</H2>\n<H3>Proces Zakupów w Sieci Action</H3>\n<H3>Wybór Najlepszych Produktów</H3>\n\n<H2>Top 6 Hitów z Action a Nowości</H2>\n<H3>Zależność Między Top 6 Hitów a Nowościami w Action</H3>\n<H3>Nowości Dostępne w Sieci Action</H3>\n\n<H2>Gatunki Filmów i Gry w Top 6 Hitów</H2>\n<H3>Zróżnicowane Kategorie Produktów</H3>\n<H3>Gatunki Najlepiej Ocenianych Produktów</H3>\n\n<H2>Doświadczenie Zakupowe w Action</H2>\n<H3>Oceny Produktów w Sieci</H3>\n<H3>Zakupy z Lepszym Podglądem</H3>","headers_json":null,"is_selected":false,"created_at":"2026-01-21T10:47:10.756852+00:00"}, 
 {"id":"79c43efa-54e8-4f14-ba58-096214ae1145","project_id":"b9e23177-2ff3-4d54-b99b-bcae1824efad","header_type":"pytania","headers_html":"<h2>Co to są hity z Action?</h2>\n<h2>Jakie są najpopularniejsze gatunki filmów w Action?</h2>\n<h2>Jakie są obecne hity filmowe w Action?</h2>\n<h2>Dlaczego warto zobaczyć rekomendacje przed zakupami w Action?</h2>\n<h2>Jak oceny wpływają na wybór filmów w Action?</h2>\n<h2>Jakie nowe produkty dostępne w Action warto znać przed zakupami?</h2>\n<h2>Co obejmuje lista top 6 hitów z Action?</h2>\n<h2>Jakie filmy i gry są rekomendowane w Action?</h2>\n<h2>Jakie są najnowsze recenzje produktów w Action?</h2>\n<h2>Jak zakupy w Action mogą wpłynąć na Twoje decyzje o wyborze filmów?</h2>","headers_json":null,"is_selected":false,"created_at":"2026-01-21T10:47:10.943534+00:00"}, 
 {"id":"c9727b5f-5fe9-4c45-a468-372ea74b883b","project_id":"b9e23177-2ff3-4d54-b99b-bcae1824efad","header_type":"h2","headers_html":"<H2>Najpopularniejsze Hity z Action</H2>\n<H3>Lista Top 6 Hitów z Action</H3>\n<h2>Czy Top 6 hitów z Action obejmuje dekoracje sezonowe?</h2>","headers_json":null,"is_selected":true,"created_at":"2026-01-21T10:47:10.90734+00:00"}, 
 {"id":"57f6c0c4-c0d6-46b6-ab98-ff400e80e142","project_id":"b9f58ca4-d979-4b0e-a390-d6fcf7ab0cf6","header_type":"rozbudowane","headers_html":"<H2>Wpływ Spożycia Kawy na Zdrowie Serca</H2>\n<H3>Ryzyko a Dawkowanie Kawy</H3>\n<H2>Kawa a Nadciśnienie Tętnicze</H2>","headers_json":null,"is_selected":true,"created_at":"2026-01-21T11:37:03.562065+00:00"}, 
 {"id":"3cb309a7-a971-4a2f-a484-01be1081e0f8","project_id":"3937abb5-b63e-4339-a3d7-6f1d73440323","header_type":"rozbudowane","headers_html":"<h2>Czy kawa jest zdrowa?</h2>\n<h3>Jak kawa wpływa na układ nerwowy i koncentrację?</h3>\n<h2>Ile kawy można pić dziennie?</h2>\n<h2>Jakie korzyści zdrowotne przynosi picie kawy?</h2>","headers_json":null,"is_selected":true,"created_at":"2026-01-21T11:13:00.187978+00:00"}, 
 {"id":"cabf4889-d6a3-468a-916e-4eb530e06d3d","project_id":"2ad04526-fb39-4611-88e5-d0001dcabdca","header_type":"rozbudowane","headers_html":"<H2>Dlaczego Kawa Drożeje?</H2>\n<h2>Wpływ zmian klimatycznych na ceny kawy</h2>\n<h3>Susze w Brazylii i ich skutki dla rynku kawy</h3>","headers_json":null,"is_selected":true,"created_at":"2026-01-21T20:48:19.805473+00:00"}, 
 {"id":"032144ef-f9a8-4597-bc23-08c58d0a7204","project_id":"b9f58ca4-d979-4b0e-a390-d6fcf7ab0cf6","header_type":"pytania","headers_html":"<h2>Czy kawa szkodzi sercu?</h2>\n<h2>Jak kawa wpływa na zdrowie serca?</h2>\n<h2>Czy picie kawy zwiększa ryzyko chorób serca?</h2>\n<h2>Jak kawa wpływa na ciśnienie krwi?</h2>\n<h2>Jałnpicja kawy a cholesterol we krwi</h2>\n<h2>Czy kofeina powoduje problemy z sercem?</h2>\n<h2>Jakie są korzyści z umiarkowanego picia kawy dla układu krążenia?</h2>\n<h2>Ile filiżanek kawy dziennie jest bezpieczne?</h2>\n<h2>Jakie są negatywne skutki nadmiernego spożycia kawy?</h2>\n<h2>Kto powinien unikać picia kawy?</h2>\n<h2>Jak wrażliwość na kofeinę wpływa na reakcje organizmu na kawę?</h2>\n<h2>Jakie badania dotyczą wpływu kawy na zdrowie serca?</h2>\n<h2>W jaki sposób dieta może wpłynąć na efekty picia kawy?</h2>\n<h2>Czy kawa ma działanie ochronne dla serca?</h2>","headers_json":null,"is_selected":false,"created_at":"2026-01-21T11:37:03.661958+00:00"}, 
 {"id":"878ee9a3-7a74-452f-96fe-b5752ad75ef9","project_id":"85e63246-f0b9-49e5-810e-596ee224f8d9","header_type":"rozbudowane","headers_html":"<H2>Różnice między Kawą Rozpuszczalną a Naturalną</H2>\n<h2>Kawa rozpuszczalna czy naturalna - którą wybrać przy problemach z nerkami?</h2>\n<h2>Jakie są właściwości zdrowotne kawy rozpuszczalnej i naturalnej?</h2>\n<h3>Jak zawartość kofeiny różni się między kawą rozpuszczalną a naturalną?</h3>\n<h3>Jakie antyoksydanty znajdują się w kawie rozpuszczalnej i naturalnej?</h3>","headers_json":null,"is_selected":true,"created_at":"2026-01-21T13:08:38.70056+00:00"}, 
 {"id":"4d501f03-04e4-4005-8082-e9b8089b5e69","project_id":"60df708d-453f-4609-88d6-9415a47c25f2","header_type":"rozbudowane","headers_html":"<H2>Co Kupić w Biedronce dla Babci?</H2>\n<H3>Kwiaty Cięte i Rośliny Doniczkowe</H3>\n<H3>Słodycze, Czekoladki i Bombonierki</H3>\n<H2>Gotowe Kosze Prezentowe w Ofercie Biedronki</H2>","headers_json":null,"is_selected":true,"created_at":"2026-01-21T21:44:23.271707+00:00"}, 
 {"id":"b24001cb-fd99-484b-b520-28851196193a","project_id":"3937abb5-b63e-4339-a3d7-6f1d73440323","header_type":"pytania","headers_html":"```html\n<h2>Czy kawa jest zdrowa?</h2>\n<h2>Jakie są właściwości i składniki odżywcze kawy?</h2>\n<h2>Jakie korzyści zdrowotne przynosi picie kawy?</h2>\n<h3>Jak kofeina wpływa na układ nerwowy i koncentrację?</h3>\n<h3>Jak kawa zmniejsza ryzyko chorób serca i cukrzycy typu 2?</h3>\n<h3>Jakie antyoksydanty znajdują się w kawie i jak działają?</h3>\n<h3>Jak kawa przyspiesza metabolizm?</h3>\n<h3>Jak kawa wpływa na poprawę krążenia?</h3>\n<h2>Jakie są potencjalne skutki uboczne i wady spożywania kawy?</h2>\n<h2>Kto powinien unikać lub ograniczyć picie kawy?</h2>\n<h2>Jaką dzienną dawkę kofeiny można uznać za bezpieczną?</h2>\n<h2>Jak dodatki do kawy wpływają na jej właściwości zdrowotne?</h2>\n<h3>Jak cukier może niwelować pozytywne działanie kawy?</h3>\n<h3>Jak śmietanka wpływa na zdrowotne właściwości kawy?</h3>\n```","headers_json":null,"is_selected":false,"created_at":"2026-01-21T11:13:00.293948+00:00"}, 
 {"id":"74bf9696-aff5-44fc-8064-4a8e3e0fd188","project_id":"b9f58ca4-d979-4b0e-a390-d6fcf7ab0cf6","header_type":"h2","headers_html":"<h2>Czy kawa szkodzi sercu?</h2>\n<h2>Jak kawa wpływa na zdrowie serca?</h2>\n<h2>Ile filiżanek kawy dziennie jest bezpieczne dla serca?</h2>\n<h3>Co oznacza umiarkowane picie kawy?</h3>\n<h3>Jakie są skutki picia nadmiernej ilości kawy?</h3>\n<h2>Jak kofeina wpływa na układ krążenia?</h2>\n<h3>Czy osoby z wrażliwością na kofeinę powinny unikać kawy?</h3>\n<h2>Jak kawa oddziałuje na ciśnienie krwi?</h2>\n<h2>Czy kawa podnosi poziom cholesterolu?</h2>\n<h3>Jak sposób parzenia kawy wpływa na cholesterol?</h3>\n<h2>Czy kawa może powodować arytmię?</h2>\n<h2>Jakie są korzyści picia kawy dla układu sercowo-naczyniowego?</h2>\n<h2>Czy osoby z chorobami serca mogą pić kawę?</h2>\n<h3>Jakie problemy kardiologiczne wymagają konsultacji lekarskiej przed piciem kawy?</h3>\n<h3>Czy przy nadciśnieniu można pić kawę?</h3>\n<h2>Jakie badania potwierdzają wpływ kawy na serce?</h2>","headers_json":null,"is_selected":false,"created_at":"2026-01-21T11:37:03.628768+00:00"}, 
 {"id":"927b7781-da9e-4969-adf6-4397ed85a250","project_id":"85e63246-f0b9-49e5-810e-596ee224f8d9","header_type":"pytania","headers_html":"<h2>Jakie są podstawowe różnice między kawą rozpuszczalną a naturalną?</h2>\n<h2>Jak przygotowuje się kawę rozpuszczalną i naturalną?</h2>\n<h2>Jakie są właściwości zdrowotne kawy rozpuszczalnej i naturalnej?</h2>\n<h3>Jak zawartość kofeiny różni się między kawą rozpuszczalną a naturalną?</h3>\n<h3>Jakie antyoksydanty znajdują się w kawie rozpuszczalnej i naturalnej?</h3>\n<h2>Jaki jest smak i aromat kawy rozpuszczalnej w porównaniu do kawy naturalnej?</h2>\n<h2>Jakie są korzyści i wady kawy rozpuszczalnej i naturalnej?</h2>\n<h2>Co wpływa na wybór między kawą rozpuszczalną a naturalną?</h2>\n<h2>Jak skład kawy rozpuszczalnej i naturalnej wpływa na ich jakość?</h2>\n<h2>Jakie preferencje smakowe mają konsumenci dotyczące kawy rozpuszczalnej i naturalnej?</h2>\n<h2>Jak reaguje organizm na kawę rozpuszczalną w porównaniu do naturalnej?</h2>\n<h2>Jakie są priorytety wyboru przy decydowaniu o rodzaju kawy?</h2>","headers_json":null,"is_selected":false,"created_at":"2026-01-21T13:08:38.808645+00:00"}, 
 {"id":"09aed184-c5ef-4418-a8a1-e8b188346272","project_id":"85e63246-f0b9-49e5-810e-596ee224f8d9","header_type":"h2","headers_html":"<h2>Co to jest kawa rozpuszczalna i naturalna?</h2>\n<h2>Jakie są podstawowe różnice między kawą rozpuszczalną a naturalną?</h2>\n<h2>Jak wygląda proces produkcji kawy rozpuszczalnej i naturalnej?</h2>\n<h2>Jakie są właściwości zdrowotne kawy rozpuszczalnej i naturalnej?</h2>\n<h3>Kawa rozpuszczalna a naturalna - zawartość kofeiny</h3>\n<h3>Kawa rozpuszczalna a naturalna - poziom szczawianów</h3>\n<h3>Kawa rozpuszczalna a naturalna - wpływ na cholesterol</h3>\n<h3>Kawa rozpuszczalna a naturalna - zawartość antyoksydantów</h3>\n<h2>Jak smak i aromat różnią się między kawą rozpuszczalną a naturalną?</h2>\n<h2>Jakie są zalety i wady kawy rozpuszczalnej?</h2>\n<h2>Jakie są zalety i wady kawy naturalnej?</h2>\n<h2>Kawa rozpuszczalna czy naturalna - którą wybrać przy problemach z nerkami?</h2>\n<h2>Kawa rozpuszczalna czy naturalna - która lepiej pobudza?</h2>\n<h2>Jak wygoda przygotowania wpływa na wybór rodzaju kawy?</h2>\n<h2>Jakie czynniki powinny decydować o wyborze rodzaju kawy?</h2>","headers_json":null,"is_selected":false,"created_at":"2026-01-21T13:08:38.772546+00:00"}, 
 {"id":"038315e9-e52d-4bd5-9ed1-da336570c759","project_id":"8c8592e1-fdde-4dc0-893e-1c58c0f791e4","header_type":"rozbudowane","headers_html":"<H2>Czy Klocki Lego to Moda czy Pasja?</H2>","headers_json":null,"is_selected":true,"created_at":"2026-01-21T21:20:53.376698+00:00"}, 
 {"id":"aab6f772-5484-47cb-b495-625742479425","project_id":"2ad04526-fb39-4611-88e5-d0001dcabdca","header_type":"h2","headers_html":"<h2>Jakie są główne przyczyny wzrostu cen kawy?</h2>\n<h2>Wpływ zmian klimatycznych na ceny kawy</h2>\n<h3>Susze w Brazylii i ich skutki dla rynku kawy</h3>\n<h3>Problemy pogodowe w Wietnamie a podaż ziarna</h3>\n<h2>Jak rosnące koszty produkcji wpływają na ceny kawy?</h2>\n<h3>Wzrost cen energii i jego konsekwencje</h3>\n<h3>Drożejące nawozy a opłacalność plantacji</h3>\n<h2>Jak transport wpływa na ostateczną cenę kawy?</h2>\n<h2>Zwiększony popyt na kawę a ceny na rynku</h2>\n<h2>Spekulacje giełdowe i ich rola w kształtowaniu cen kawy</h2>\n<h2>Jak sytuacja w Brazylii wpływa na globalny rynek kawy?</h2>\n<h2>Znaczenie Wietnamu w światowym handlu kawą</h2>\n<h2>Czy ceny kawy będą nadal rosły?</h2>","headers_json":null,"is_selected":false,"created_at":"2026-01-21T20:48:19.879423+00:00"}, 
 {"id":"32ee241c-ba25-4ab4-bdfa-765f31e9a499","project_id":"2ad04526-fb39-4611-88e5-d0001dcabdca","header_type":"pytania","headers_html":"```html\n<h2>Dlaczego kawa drożeje?</h2>\n<h2>Jakie czynniki wpływają na wzrost cen kawy?</h2>\n<h2>Jak zmiany klimatyczne wpływają na uprawy kawy?</h2>\n<h3>Jakie są skutki suszy w Brazylii dla rynku kawy?</h3>\n<h3>Jakie są skutki suszy w Wietnamie dla rynku kawy?</h3>\n<h2>Jak rosnące koszty produkcji wpływają na ceny kawy?</h2>\n<h3>Jak wzrost cen nawozów wpływa na uprawy kawowca?</h3>\n<h3>Jak wzrost cen energii wpływa na koszty produkcji kawy?</h3>\n<h3>Jak rosnące koszty transportu wpływają na ceny kawy?</h3>\n<h2>Jak popyt i podaż kształtują ceny kawy?</h2>\n<h3>Dlaczego rosnący popyt na kawę wpłynął na jej ceny?</h3>\n<h3>Jaki jest związek między mniejszymi zbiorami a wzrostem cen?</h3>\n<h2>Jak spekulacje giełdowe wpływają na rynek kawy?</h2>\n<h2>Jakie są prognozy dotyczące przyszłych cen kawy?</h2>\n<h2>Jak inflacja wpływa na ceny kawy?</h2>\n<h2>Jak wzrost cen kawy wpływa na konsumentów?</h2>\n```","headers_json":null,"is_selected":false,"created_at":"2026-01-21T20:48:19.915949+00:00"}, 
 {"id":"fd8050a4-63b3-4956-979e-196a99557a0b","project_id":"60df708d-453f-4609-88d6-9415a47c25f2","header_type":"h2","headers_html":"<h2>Jakie rośliny doniczkowe można kupić w Biedronce dla Babci?</h2>\n<h2>Jakie słodycze i czekoladki są dobrym prezentem z Biedronki?</h2>\n<h2>Jakie kosmetyki i zestawy pielęgnacyjne warto wybrać?</h2>\n<h2>Jakie produkty wspierające zdrowie Babci oferuje Biedronka?</h2>\n<h2>Jakie artykuły gospodarstwa domowego mogą być praktycznym prezentem?</h2>\n<h2>Jakie akcesoria i drobne upominki można znaleźć w Biedronce?</h2>\n<h2>Jakie napoje i herbaty będą odpowiednie na prezent?</h2>\n<h2>Jakie tekstylia domowe i odzież można kupić w Biedronce?</h2>\n<h2>Jakie sprzęty elektroniczne i AGD mogą być przydatne?</h2>\n<h2>Jakie produkty do hobby i rękodzieła oferuje Biedronka?</h2>","headers_json":null,"is_selected":false,"created_at":"2026-01-21T21:44:23.34208+00:00"}, 
 {"id":"f4fa010f-dbe4-49d3-a7d0-fa0bf848397f","project_id":"8c8592e1-fdde-4dc0-893e-1c58c0f791e4","header_type":"h2","headers_html":"<h2>Czym są klocki LEGO w dzisiejszym świecie?</h2>\n<h2>Jak LEGO stało się elementem kultury i mody?</h2>\n<h3>Limitowane edycje i współprace z markami odzieżowymi</h3>\n<h3>LEGO w wystroju wnętrz i designie</h3>\n<h2>Kim są dorośli fani LEGO (AFOL)?</h2>\n<h3>Jak budowanie z klocków wpływa na rozwój kreatywności?</h3>\n<h3>Czy LEGO może być formą relaksu i mindfulness?</h3>\n<h2>Jakie są najpopularniejsze serie LEGO dla dorosłych?</h2>\n<h3>LEGO Architecture i Technic dla pasjonatów konstrukcji</h3>\n<h3>Botanical Collection i Art jako elementy dekoracyjne</h3>\n<h2>Czy inwestowanie w zestawy LEGO się opłaca?</h2>\n<h3>Jak działa rynek kolekcjonerski klocków?</h3>\n<h3>Które zestawy zyskują na wartości?</h3>\n<h2>Jak społeczność fanów LEGO wpływa na rozwój marki?</h2>\n<h3>Rola stowarzyszeń i konwentów fanów</h3>\n<h3>Projekty MOC i ich znaczenie dla społeczności</h3>\n<h2>Czy LEGO to chwilowa moda, czy hobby na całe życie?</h2>","headers_json":null,"is_selected":false,"created_at":"2026-01-21T21:20:53.451449+00:00"}, 
 {"id":"1451344c-6fb1-48f8-9095-b9ff9b09a13d","project_id":"8c8592e1-fdde-4dc0-893e-1c58c0f791e4","header_type":"pytania","headers_html":"<h2>Co to są klocki LEGO?</h2>\n<h2>Dlaczego klocki LEGO są tak popularne?</h2>\n<h2>Jak klocki LEGO wpływają na kreatywność dzieci?</h2>\n<h2>Co to znaczy być dorosłym fanem LEGO (AFOL)?</h2>\n<h3>Jakie są korzyści emocjonalne związane z budowaniem z klocków?</h3>\n<h2>Co to jest kolekcjonowanie klocków LEGO?</h2>\n<h3>Jakie są najpopularniejsze edycje klocków LEGO wśród kolekcjonerów?</h3>\n<h2>Jak klocki LEGO wpływają na rozwój edukacyjny dzieci?</h2>\n<h2>Jakie są różnice między klockami LEGO a innymi zabawkami?</h2>\n<h3>Czy klocki LEGO mogą być formą sztuki?</h3>\n<h2>Jakie zastosowanie mają klocki LEGO w projektowaniu i budownictwie?</h2>\n<h2>Jakie są inwestycyjne aspekty posiadania klocków LEGO?</h2>\n<h2>W jaki sposób moda LEGO odzwierciedla trendy w kulturze popularnej?</h2>\n<h3>Jakie są przykłady współpracy LEGO z innymi markami?</h3>\n<h2>Jakie projekty są popularne w społeczności LEGO?</h2>\n<h3>Czym jest LEGO Masters i jak wpływa na postrzeganie klocków?</h3>\n<h2>Jakie są nietypowe zastosowania klocków LEGO w codziennym życiu?</h2>\n<h2>Co przyniesie przyszłość klockom LEGO w kontekście innowacji i rozwoju?</h2>","headers_json":null,"is_selected":false,"created_at":"2026-01-21T21:20:53.486052+00:00"}, 
 {"id":"8231afd3-29b7-4fa2-bc58-2f216084acaf","project_id":"60df708d-453f-4609-88d6-9415a47c25f2","header_type":"pytania","headers_html":"```html\n<h2>Co można kupić w Biedronce dla Babci?</h2>\n<h2>Jakie są popularne prezenty dla Babci w Biedronce?</h2>\n<h3>Jakie słodycze można znaleźć w Biedronce?</h3>\n<h3>Jakie kosmetyki są dostępne w ofercie Biedronki?</h3>\n<h3>Jakie napoje warto kupić dla Babci?</h3>\n<h3>Jakie zdrowe żywności oferuje Biedronka?</h3>\n<h2>Jakie artykuły gospodarstwa domowego można kupić dla Babci?</h2>\n<h3>Jakie akcesoria do domu są dostępne w Biedronce?</h3>\n<h3>Jakie tekstylia domowe można kupić w Biedronce?</h3>\n<h2>Co kupić Babci na Dzień Babci w Biedronce?</h2>\n<h3>Jakie kwiaty można znaleźć w Biedronce?</h3>\n<h3>Jakie zestawy kosmetyków będą odpowiednie dla Babci?</h3>\n<h3>Jakie zestawy herbat są dostępne w Biedronce?</h3>\n<h2>Jakie suplementy diety można kupić w Biedronce?</h2>\n<h3>Jakie zdrowe przekąski są polecane dla Babci?</h3>\n<h2>Jakie są najlepsze pomysły na zakupy dla Babci?</h2>\n<h2>Jakie produkty mogą ułatwić codzienne życie Babci?</h2>\n```","headers_json":null,"is_selected":false,"created_at":"2026-01-21T21:44:23.377089+00:00"}, 
 {"id":"07af290b-3fef-415e-b8ce-e381e7881a04","project_id":"b9209995-249b-49cf-a285-3ad82995a36d","header_type":"rozbudowane","headers_html":"<H2>Dlaczego Kawa Drożeje?</H2>\n<h2>Jakie są główne przyczyny wzrostu cen kawy?</h2>\n<h3>Jakie skutki mają susze dla produkcji kawy?</h3>","headers_json":null,"is_selected":true,"created_at":"2026-01-22T09:42:57.357405+00:00"}, 
 {"id":"9abc7dc4-7e7d-4048-82bf-27543b73342c","project_id":"ebac0f3f-a6a4-4675-aba7-2f406c1b384c","header_type":"rozbudowane","headers_html":"<H2>Jak dane cenowe wzbogacają artykuły o promocjach w sklepach?</H2>\n<H3>Jak skutecznie wykrywać sztuczne promocje i 'fake sales'?</H3>","headers_json":null,"is_selected":true,"created_at":"2026-01-21T22:14:16.236244+00:00"}, 
 {"id":"d6c441bb-32eb-4b21-b4fd-df0c0d7dc484","project_id":"b9209995-249b-49cf-a285-3ad82995a36d","header_type":"pytania","headers_html":"<h2>Dlaczego kawa drożeje?</h2>\n<h2>Jakie są główne czynniki wpływające na ceny kawy?</h2>\n<h2>Jak zmiany klimatyczne wpływają na uprawy kawy?</h2>\n<h3>Jakie skutki mają susze dla produkcji kawy?</h3>\n<h3>Jak Brazil i Wietnam zmagają się z problemami klimatycznymi?</h3>\n<h2>Jakie są koszty produkcji kawy i ich wpływ na ceny?</h2>\n<h3>Jak rosnące ceny energii wpływają na koszty produkcji kawy?</h3>\n<h3>Jak wzrost cen nawozów przekłada się na ceny kawy?</h3>\n<h2>Jakie mają znaczenie mniejsze zbiory kawy?</h2>\n<h3>Jak mniejsze zbiory wpływają na podaż kawy na rynku?</h3>\n<h2>W jaki sposób popyt na kawę wpływa na ceny?</h2>\n<h3>Jak zwiększony popyt prowadzi do wzrostu cen kawy?</h3>\n<h2>Jakie są skutki spekulacji giełdowych na ceny kawy?</h2>\n<h3>W jaki sposób giełda kawy wpływa na ceny detaliczne?</h3>\n<h2>Jakie zmiany zachodzą na rynku kawy?</h2>\n<h3>Czy kawa stanie się towarem luksusowym w przyszłości?</h3>\n<h3>Jakie różnice są między kawą przemysłową a specialty w kontekście cen?</h3>","headers_json":null,"is_selected":false,"created_at":"2026-01-22T09:42:57.515968+00:00"}, 
 {"id":"4e0551ae-cd15-492f-86a5-9f2ae1244c75","project_id":"ebac0f3f-a6a4-4675-aba7-2f406c1b384c","header_type":"h2","headers_html":"<h2>Jak dane cenowe wpływają na jakość artykułów o promocjach?</h2>\n<h2>Jakie korzyści przynosi wzbogacenie artykułów o dane cenowe?</h2>\n<h2>Jakie narzędzia umożliwiają zbieranie i analizę danych cenowych?</h2>\n<h2>Jakie regulacje prawne wpływają na prezentację danych cenowych?</h2>\n<h2>Jak wizualizować dane cenowe w artykułach o promocjach?</h2>\n<h2>Jakie są najczęstsze manipulacje cenowe w promocjach?</h2>\n<h2>Jak świadomy konsument korzysta z danych cenowych?</h2>\n<h2>Jak dane cenowe wpływają na strategie cenowe sklepów?</h2>\n<h2>Jak sezonowość cen wpływa na promocje w sklepach?</h2>\n<h2>Jak budować zaufanie klientów poprzez transparentność cenową?</h2>","headers_json":null,"is_selected":false,"created_at":"2026-01-21T22:14:16.304822+00:00"}, 
 {"id":"69f0742d-2d5d-42fd-92bc-1c9ef09833c0","project_id":"ebac0f3f-a6a4-4675-aba7-2f406c1b384c","header_type":"pytania","headers_html":"<H2>Jak dane cenowe wzbogacają artykuły o promocjach w sklepach?</H2>\n<H2>Dlaczego analiza danych cenowych jest ważna dla artykułów o promocjach?</H2>\n<H2>Jakie rodzaje danych cenowych są najbardziej wartościowe w kontekście promocji?</H2>\n<H3>Jak historia cen z ostatnich 30 dni wpływa na ocenę ofert?</H3>\n<H3>Jakie korzyści płyną z używania wykresów wahań cen w artykułach?</H3>\n<H2>Jak dane cenowe wpływają na decyzje zakupowe konsumentów?</H2>\n<H3>Jak świadomy konsument interpretuje dane o cenach?</H3>\n<H2>Jakie są zagrożenia związane z fałszywymi promocjami?</H2>\n<H3>Jak unikać pułapek związanych z zakotwiczeniem cenowym?</H3>\n<H2>W jaki sposób dane cenowe mogą zwiększyć zaufanie do marki?</H2>\n<H2>Jakie strategie marketingowe można stosować, aby wykorzystać dane cenowe w promocjach?</H2>\n<H2>Jakie narzędzia służą do zbierania i analizy danych cenowych?</H2>\n<H3>Jak działa automatyzacja zbierania danych w kontekście e-commerce?</H3>\n<H3>Jakie są korzyści z monitorowania cen konkurencji?</H3>","headers_json":null,"is_selected":false,"created_at":"2026-01-21T22:14:16.339884+00:00"}, 
 {"id":"2e271712-8aa8-492d-8e04-775e2a0d12e6","project_id":"138925a7-fd58-4240-9bf5-e2badf48281a","header_type":"h2","headers_html":"<h2>Co to są pomidory rzymskie?</h2>\n<h2>Jakie są cechy charakterystyczne pomidorów rzymskich?</h2>\n<h2>Jakie odmiany pomidorów rzymskich są dostępne?</h2>\n<h2>Jakie wartości odżywcze mają pomidory rzymskie?</h2>\n<h2>Do czego najlepiej wykorzystać pomidory rzymskie?</h2>\n<h2>Jakie przetwory można przygotować z pomidorów rzymskich?</h2>\n<h2>Jaka jest minimalna waga opakowania pomidorów rzymskich?</h2>\n<h2>Ile kosztują pomidory rzymskie w promocji?</h2>\n<h2>Jak duża jest obniżka ceny pomidorów rzymskich?</h2>\n<h2>Dlaczego warto kupić pomidory rzymskie w promocyjnej cenie?</h2>","headers_json":null,"is_selected":false,"created_at":"2026-01-21T23:18:13.749084+00:00"}, 
 {"id":"8234fae1-86b9-45f7-9d64-f86cef9daef0","project_id":"138925a7-fd58-4240-9bf5-e2badf48281a","header_type":"rozbudowane","headers_html":"<h2>Dlaczego warto kupić pomidory rzymskie w promocyjnej cenie?</h2>\n<h2>Jak duża jest obniżka ceny pomidorów rzymskich?</h2>","headers_json":null,"is_selected":true,"created_at":"2026-01-21T23:18:13.679711+00:00"}, 
 {"id":"4dd070c9-48ff-4d3b-bbbd-e299d4829d80","project_id":"138925a7-fd58-4240-9bf5-e2badf48281a","header_type":"pytania","headers_html":"<h2>Co to są pomidory rzymskie?</h2>\n<h2>Jakie są cechy pomidorów rzymskich?</h2>\n<h3>Co to znaczy, że mają wydłużony kształt?</h3>\n<h3>Jak wygląda miąższ pomidora rzymskiego?</h3>\n<h2>Jakie są główne odmiany pomidorów rzymskich?</h2>\n<h3>Co wyróżnia odmianę 'Roma'?</h3>\n<h3>Czym charakteryzuje się odmiana 'San Marzano'?</h3>\n<h2>Jakie są zastosowania pomidorów rzymskich w kuchni?</h2>\n<h3>Jak przygotować sosy pomidorowe z pomidorów rzymskich?</h3>\n<h3>Jak wykorzystać pomidory rzymskie do przetworów? </h3>\n<h3>Do jakich dań nadają się pomidory rzymskie?</h3>\n<h2>Jakie są korzyści zdrowotne wynikające z jedzenia pomidorów rzymskich?</h2>\n<h3>Jakie witaminy i minerały zawierają pomidory rzymskie?</h3>\n<h3>Czym jest likopen i jakie ma właściwości?</h3>\n<h2>Jakie są aktualne informacje o cenie pomidorów rzymskich?</h2>\n<h3>Jaka jest cena pomidorów rzymskich?</h3>\n<h3>Co oznacza, że cena wynosi 7,49 zł?</h3>\n<h3>Jakie są szczegóły promocji (-46%) na pomidory rzymskie?</h3>\n<h2>Jakie są opakowania pomidorów rzymskich?</h2>\n<h3>Jakie jest minimalna waga opakowania pomidorów rzymskich?</h3>\n<h3>W jakich opakowaniach można kupić pomidory rzymskie?</h3>","headers_json":null,"is_selected":false,"created_at":"2026-01-21T23:18:13.783698+00:00"}, 
 {"id":"0930be67-07a1-4f01-977e-a2ade6df851f","project_id":"b9209995-249b-49cf-a285-3ad82995a36d","header_type":"h2","headers_html":"<h2>Jakie są główne przyczyny wzrostu cen kawy?</h2>\n<h2>Jak zmiany klimatyczne wpływają na ceny kawy?</h2>\n<h2>Jak susze w Brazylii i Wietnamie ograniczają podaż kawy?</h2>\n<h2>Jak rosnące koszty produkcji wpływają na ceny kawy?</h2>\n<h2>Jak wzrost cen energii i nawozów podnosi koszty uprawy kawy?</h2>\n<h2>Jak wyższe koszty transportu przekładają się na ceny kawy?</h2>\n<h2>Jak zwiększony popyt na kawę wpływa na jej ceny?</h2>\n<h2>Jak spekulacje giełdowe oddziałują na ceny kawy?</h2>\n<h2>Jak różnią się wzrosty cen kawy przemysłowej i specialty?</h2>\n<h2>Jak obecna sytuacja na rynku kawy wpływa na konsumentów?</h2>","headers_json":null,"is_selected":false,"created_at":"2026-01-22T09:42:57.462711+00:00"}, 
 {"id":"5d2320de-627f-4a62-bc93-b26fc78370ec","project_id":"56fd146e-4c5f-43eb-8990-aca405e42769","header_type":"h2","headers_html":"<h2>Gdzie kupić tanie pączki na Tłusty Czwartek?</h2>\n<h2>Jakie promocje na pączki oferują dyskonty?</h2>\n<h3>Ceny pączków w Biedronce i Lidlu</h3>\n<h3>Oferty w Carrefour i Netto</h3>\n<h2>Czy warto kupować pączki w supermarketach?</h2>\n<h3>Jak skład pączków wpływa na ich cenę?</h3>\n<h2>Ile kosztują pączki w tradycyjnych cukierniach?</h2>\n<h3>Czym różnią się pączki rzemieślnicze od tych z marketu?</h3>\n<h2>Jakie rodzaje pączków są najtańsze?</h2>\n<h3>Pączki z marmoladą vs pączki z różą</h3>\n<h3>Czy donuty są tańszą alternatywą?</h3>\n<h2>Kiedy najlepiej kupić pączki, aby uniknąć kolejek?</h2>\n<h2>Czy warto kupować pączki w wielopakach?</h2>\n<h3>Jak działają promocje wielosztukowe?</h3>","headers_json":null,"is_selected":false,"created_at":"2026-01-22T07:50:54.133789+00:00"}, 
 {"id":"c47adef5-178e-45b2-a9d5-fc4c0a66e471","project_id":"56fd146e-4c5f-43eb-8990-aca405e42769","header_type":"pytania","headers_html":"```html\n<h2>Kiedy wypada Tłusty Czwartek?</h2>\n<h2>Gdzie kupić tanio pączki?</h2>\n<h3>Jakie są najlepsze cukiernie w twojej okolicy?</h3>\n<h3>Jakie dyskonty oferują najniższe ceny pączków?</h3>\n<h3>Jakie promocje na pączki oferują markety?</h3>\n<h2>Jakie rodzaje pączków są dostępne w sprzedaży?</h2>\n<h3>Jakie są różnice między pączkami z marmoladą a pączkami z różą?</h3>\n<h2>Czy tanie pączki z marketu są dobrej jakości?</h2>\n<h2>Ile kosztują pączki w tradycyjnych cukierniach?</h2>\n<h2>Jakie są trendy w produkcji pączków na Tłusty Czwartek?</h2>\n<h2>Jakie są alternatywy dla tradycyjnych pączków?</h2>\n<h3>Jakie są pączki wegańskie?</h3>\n<h3>Czym różnią się donuty od pączków?</h3>\n```","headers_json":null,"is_selected":false,"created_at":"2026-01-22T07:50:54.186083+00:00"}, 
 {"id":"6b1a0f5c-625c-4249-8cab-2c517e60f3ae","project_id":"56fd146e-4c5f-43eb-8990-aca405e42769","header_type":"rozbudowane","headers_html":"<h2>Kiedy wypada Tłusty Czwartek?</h2>\n<H2>Czym jest Tłusty Czwartek i dlaczego obchodzimy ten dzień?</H2>\n<H3>Jaka jest historia tradycji spożywania pączków?</H3>","headers_json":null,"is_selected":true,"created_at":"2026-01-22T07:50:54.026955+00:00"}]