[{"id":"93e1e44e-9c55-4e38-943b-cc8bbd79faff","project_id":"abc3c137-1e50-42ed-b05b-d54a3b0b97ac","stage":1,"stage_name":"Budowa wiedzy","status":"completed","error_message":null,"started_at":"2026-01-19T12:37:48.413765+00:00","completed_at":null,"total_tokens":0,"token_details":[]}, 
 {"id":"0226bd1b-c740-407b-9694-cbec330f5b98","project_id":"abc3c137-1e50-42ed-b05b-d54a3b0b97ac","stage":2,"stage_name":"Generowanie nagłówków","status":"completed","error_message":null,"started_at":"2026-01-19T12:37:48.413765+00:00","completed_at":null,"total_tokens":0,"token_details":[]}, 
 {"id":"cb89befa-00f1-4bea-8bcb-976601c70f80","project_id":"abc3c137-1e50-42ed-b05b-d54a3b0b97ac","stage":3,"stage_name":"Budowa RAG","status":"completed","error_message":null,"started_at":"2026-01-19T12:37:48.413765+00:00","completed_at":null,"total_tokens":0,"token_details":[]}, 
 {"id":"263371b3-c7c1-450e-9d4f-878d18dff522","project_id":"abc3c137-1e50-42ed-b05b-d54a3b0b97ac","stage":4,"stage_name":"Tworzenie briefu","status":"completed","error_message":null,"started_at":"2026-01-19T12:37:48.413765+00:00","completed_at":null,"total_tokens":0,"token_details":[]}, 
 {"id":"9f2ce08e-d4ca-4610-bd2f-c20f703f7be4","project_id":"8527ed87-6821-46e5-9e66-597777f5b846","stage":1,"stage_name":"Budowa wiedzy","status":"completed","error_message":null,"started_at":"2026-01-20T18:44:58.348939+00:00","completed_at":"2026-01-20T18:45:19.34+00:00","total_tokens":0,"token_details":[]}, 
 {"id":"1e72bc51-a597-475f-89f9-34a28d0ef9ad","project_id":"8527ed87-6821-46e5-9e66-597777f5b846","stage":2,"stage_name":"Generowanie nagłówków","status":"completed","error_message":null,"started_at":"2026-01-20T18:45:36.688556+00:00","completed_at":"2026-01-20T18:45:53.095+00:00","total_tokens":0,"token_details":[]}, 
 {"id":"4fb986cb-8e92-497e-ab5c-304d2a0022f0","project_id":"38f208ca-94f3-49fc-bab1-97f47b267010","stage":1,"stage_name":"Budowa wiedzy","status":"cancelled","error_message":"Anulowano przez użytkownika","started_at":"2026-01-20T23:59:37.722879+00:00","completed_at":"2026-01-21T00:01:21.88+00:00","total_tokens":0,"token_details":[]}, 
 {"id":"7010ee20-cb4a-4ad9-ae8b-ac65f03d4f75","project_id":"a8e812a0-0dc6-4b36-b350-efda108b30d1","stage":1,"stage_name":"Budowa wiedzy","status":"completed","error_message":null,"started_at":"2026-01-20T19:22:27.58646+00:00","completed_at":"2026-01-20T19:23:08.89+00:00","total_tokens":0,"token_details":[]}, 
 {"id":"a547eb38-d73f-4c80-8550-f06fdf6105ae","project_id":"a8e812a0-0dc6-4b36-b350-efda108b30d1","stage":2,"stage_name":"Generowanie nagłówków","status":"completed","error_message":null,"started_at":"2026-01-20T19:23:31.013357+00:00","completed_at":"2026-01-20T19:23:44.683+00:00","total_tokens":0,"token_details":[]}, 
 {"id":"02446374-ae70-478b-ad02-5c8a2664a977","project_id":"a8e812a0-0dc6-4b36-b350-efda108b30d1","stage":3,"stage_name":"Budowa RAG","status":"completed","error_message":null,"started_at":"2026-01-20T19:24:10.562482+00:00","completed_at":"2026-01-20T19:25:22.103+00:00","total_tokens":0,"token_details":[]}, 
 {"id":"3cd4836a-0660-4e8a-9f94-38c50c13b415","project_id":"8527ed87-6821-46e5-9e66-597777f5b846","stage":3,"stage_name":"Budowa RAG","status":"running","error_message":null,"started_at":"2026-01-20T19:55:01.616446+00:00","completed_at":null,"total_tokens":0,"token_details":[]}, 
 {"id":"ca2fedd9-8f8d-409e-92fe-bafa7b64e0eb","project_id":"8527ed87-6821-46e5-9e66-597777f5b846","stage":3,"stage_name":"Budowa RAG","status":"running","error_message":null,"started_at":"2026-01-20T19:55:56.842476+00:00","completed_at":null,"total_tokens":0,"token_details":[]}, 
 {"id":"28d2c6d4-5134-4303-b541-29798e79b7e3","project_id":"8527ed87-6821-46e5-9e66-597777f5b846","stage":3,"stage_name":"Budowa RAG","status":"completed","error_message":null,"started_at":"2026-01-20T19:58:17.016948+00:00","completed_at":"2026-01-20T19:59:51.438+00:00","total_tokens":0,"token_details":[]}, 
 {"id":"0fb9047b-0140-4cbb-b783-0b593ebe2f27","project_id":"c81380dc-4a84-482c-bb15-c0021e3bc1a5","stage":1,"stage_name":"Budowa wiedzy","status":"completed","error_message":null,"started_at":"2026-01-20T20:07:37.660053+00:00","completed_at":"2026-01-20T20:07:56.742+00:00","total_tokens":0,"token_details":[]}, 
 {"id":"e55fe543-b199-463b-ac36-1a7458f33bfa","project_id":"c81380dc-4a84-482c-bb15-c0021e3bc1a5","stage":1,"stage_name":"Budowa wiedzy","status":"completed","error_message":null,"started_at":"2026-01-20T20:08:23.221868+00:00","completed_at":"2026-01-20T20:09:10.974+00:00","total_tokens":0,"token_details":[]}, 
 {"id":"9f3881c1-5f89-4f65-838c-ff1a182f0c59","project_id":"c81380dc-4a84-482c-bb15-c0021e3bc1a5","stage":2,"stage_name":"Generowanie nagłówków","status":"completed","error_message":null,"started_at":"2026-01-20T20:09:24.26068+00:00","completed_at":"2026-01-20T20:09:39.681+00:00","total_tokens":0,"token_details":[]}, 
 {"id":"cd3fb2e7-9ce9-4afd-8145-d93ed91f972b","project_id":"c81380dc-4a84-482c-bb15-c0021e3bc1a5","stage":3,"stage_name":"Budowa RAG","status":"running","error_message":null,"started_at":"2026-01-20T20:10:11.930993+00:00","completed_at":null,"total_tokens":0,"token_details":[]}, 
 {"id":"c793eebd-5c0a-44ac-9cc3-fd9f31183d11","project_id":"50f14fff-28af-464b-abd2-c55ab4ae1d1c","stage":1,"stage_name":"Budowa wiedzy","status":"completed","error_message":null,"started_at":"2026-01-20T20:18:50.935249+00:00","completed_at":"2026-01-20T20:19:08.09+00:00","total_tokens":0,"token_details":[]}, 
 {"id":"02d60966-0e46-4901-982c-c7ced3d8a4c7","project_id":"50f14fff-28af-464b-abd2-c55ab4ae1d1c","stage":1,"stage_name":"Budowa wiedzy","status":"completed","error_message":null,"started_at":"2026-01-20T20:19:30.738234+00:00","completed_at":"2026-01-20T20:20:20.936+00:00","total_tokens":0,"token_details":[]}, 
 {"id":"a539d8fc-0b5f-452d-83ac-fb9cf41639db","project_id":"50f14fff-28af-464b-abd2-c55ab4ae1d1c","stage":2,"stage_name":"Generowanie nagłówków","status":"completed","error_message":null,"started_at":"2026-01-20T20:20:30.081102+00:00","completed_at":"2026-01-20T20:20:49.257+00:00","total_tokens":0,"token_details":[]}, 
 {"id":"328ffb7e-70c3-4d23-9e6f-b6be7594e63a","project_id":"50f14fff-28af-464b-abd2-c55ab4ae1d1c","stage":3,"stage_name":"Budowa RAG","status":"completed","error_message":null,"started_at":"2026-01-20T20:21:10.837612+00:00","completed_at":"2026-01-20T20:21:31.048+00:00","total_tokens":0,"token_details":[]}, 
 {"id":"f3161a5e-8e3c-4bd0-9b22-a7586a223698","project_id":"50f14fff-28af-464b-abd2-c55ab4ae1d1c","stage":3,"stage_name":"Budowa RAG","status":"running","error_message":null,"started_at":"2026-01-20T20:48:33.599615+00:00","completed_at":null,"total_tokens":0,"token_details":[]}, 
 {"id":"ea6dae07-07c8-40e4-a518-400b1800e9ab","project_id":"c93b4c62-deff-452a-b472-e15713baa965","stage":1,"stage_name":"Budowa wiedzy","status":"completed","error_message":null,"started_at":"2026-01-20T20:55:33.584019+00:00","completed_at":"2026-01-20T20:56:06.525+00:00","total_tokens":0,"token_details":[]}, 
 {"id":"679fedc1-4872-42ad-9618-bb7046c3a20a","project_id":"c93b4c62-deff-452a-b472-e15713baa965","stage":2,"stage_name":"Generowanie nagłówków","status":"completed","error_message":null,"started_at":"2026-01-20T20:56:21.282948+00:00","completed_at":"2026-01-20T20:56:34.872+00:00","total_tokens":0,"token_details":[]}, 
 {"id":"187a1331-2f4c-4517-95ba-e9c7c9a8259f","project_id":"c93b4c62-deff-452a-b472-e15713baa965","stage":3,"stage_name":"Budowa RAG","status":"completed","error_message":null,"started_at":"2026-01-20T21:01:16.225965+00:00","completed_at":"2026-01-20T21:03:24.571+00:00","total_tokens":0,"token_details":[]}, 
 {"id":"6fe5950b-b3b4-412f-800f-8d543cc5a851","project_id":"177ba73b-b7e9-4c9b-8e1a-772d908b77a2","stage":1,"stage_name":"Budowa wiedzy","status":"completed","error_message":null,"started_at":"2026-01-20T14:01:32.208827+00:00","completed_at":"2026-01-20T14:02:12.044+00:00","total_tokens":0,"token_details":[]}, 
 {"id":"97560f91-a06e-4f14-9fae-8ad651a55ab2","project_id":"177ba73b-b7e9-4c9b-8e1a-772d908b77a2","stage":2,"stage_name":"Generowanie nagłówków","status":"completed","error_message":null,"started_at":"2026-01-20T14:02:58.364694+00:00","completed_at":"2026-01-20T14:03:23.001+00:00","total_tokens":0,"token_details":[]}, 
 {"id":"47e64903-a0c8-4392-a96a-f0ef31f0665d","project_id":"c93b4c62-deff-452a-b472-e15713baa965","stage":3,"stage_name":"Budowa RAG","status":"cancelled","error_message":"Anulowano przez użytkownika","started_at":"2026-01-20T20:57:12.649305+00:00","completed_at":"2026-01-20T21:17:33.987+00:00","total_tokens":0,"token_details":[]}, 
 {"id":"14913546-dc70-42f8-aef0-25077ab8744c","project_id":"c93b4c62-deff-452a-b472-e15713baa965","stage":3,"stage_name":"Budowa RAG","status":"cancelled","error_message":"Anulowano przez użytkownika","started_at":"2026-01-20T20:58:51.482148+00:00","completed_at":"2026-01-20T21:17:34.173+00:00","total_tokens":0,"token_details":[]}, 
 {"id":"c86e6bef-8ddd-46f3-add7-f88ce35549d4","project_id":"c93b4c62-deff-452a-b472-e15713baa965","stage":3,"stage_name":"Budowa RAG","status":"completed","error_message":null,"started_at":"2026-01-20T21:17:42.348644+00:00","completed_at":"2026-01-20T21:18:15.346+00:00","total_tokens":0,"token_details":[]}, 
 {"id":"3cf1a14d-e5db-4917-9451-68c8b22123ce","project_id":"38f208ca-94f3-49fc-bab1-97f47b267010","stage":1,"stage_name":"Budowa wiedzy","status":"completed","error_message":null,"started_at":"2026-01-21T00:01:24.115759+00:00","completed_at":"2026-01-21T00:01:47.412+00:00","total_tokens":0,"token_details":[]}, 
 {"id":"25ecee71-020a-42be-a590-d7390e76b9b6","project_id":"01d334cf-1c75-4aee-abce-822843609dd2","stage":1,"stage_name":"Budowa wiedzy","status":"completed","error_message":null,"started_at":"2026-01-20T21:33:26.728066+00:00","completed_at":"2026-01-20T21:33:50.732+00:00","total_tokens":0,"token_details":[]}, 
 {"id":"841cfab3-5f7e-4065-893c-a1bb01fbbd04","project_id":"01d334cf-1c75-4aee-abce-822843609dd2","stage":2,"stage_name":"Generowanie nagłówków","status":"completed","error_message":null,"started_at":"2026-01-20T21:35:22.241097+00:00","completed_at":"2026-01-20T21:35:42.645+00:00","total_tokens":0,"token_details":[]}, 
 {"id":"b2755b70-4109-4936-985e-4236139c5507","project_id":"01d334cf-1c75-4aee-abce-822843609dd2","stage":3,"stage_name":"Budowa RAG","status":"completed","error_message":null,"started_at":"2026-01-20T21:36:18.260906+00:00","completed_at":"2026-01-20T21:37:30.673+00:00","total_tokens":0,"token_details":[]}, 
 {"id":"6093feea-8dd8-4e9a-a113-f9c9d04a11c8","project_id":"312c01e2-a951-4cc8-a540-d7f7bad17248","stage":1,"stage_name":"Budowa wiedzy","status":"completed","error_message":null,"started_at":"2026-01-20T21:55:07.051334+00:00","completed_at":"2026-01-20T21:55:39.931+00:00","total_tokens":0,"token_details":[]}, 
 {"id":"b04ad514-fdc7-4a0a-b9be-f1c6b4b7ccca","project_id":"312c01e2-a951-4cc8-a540-d7f7bad17248","stage":2,"stage_name":"Generowanie nagłówków","status":"completed","error_message":null,"started_at":"2026-01-20T21:56:29.898049+00:00","completed_at":"2026-01-20T21:56:49.25+00:00","total_tokens":0,"token_details":[]}, 
 {"id":"aa1c3e4f-5aab-4314-8e6a-33da0083245b","project_id":"312c01e2-a951-4cc8-a540-d7f7bad17248","stage":3,"stage_name":"Budowa RAG","status":"completed","error_message":null,"started_at":"2026-01-20T21:57:05.880457+00:00","completed_at":"2026-01-20T21:57:58.412+00:00","total_tokens":0,"token_details":[]}, 
 {"id":"8616e9d4-ad37-455e-8c31-12c82dd75c25","project_id":"312c01e2-a951-4cc8-a540-d7f7bad17248","stage":4,"stage_name":"Tworzenie briefu","status":"completed","error_message":null,"started_at":"2026-01-20T21:58:30.544346+00:00","completed_at":"2026-01-20T21:59:25.44+00:00","total_tokens":0,"token_details":[]}, 
 {"id":"fd7c7dcc-dc08-4b5c-be87-1cfdda5b761c","project_id":"312c01e2-a951-4cc8-a540-d7f7bad17248","stage":4,"stage_name":"Tworzenie briefu","status":"completed","error_message":null,"started_at":"2026-01-20T22:02:18.81665+00:00","completed_at":"2026-01-20T22:03:11.343+00:00","total_tokens":0,"token_details":[]}, 
 {"id":"e4eb0844-a5a4-4f22-aaa4-bfe7b7b040db","project_id":"312c01e2-a951-4cc8-a540-d7f7bad17248","stage":4,"stage_name":"Tworzenie briefu","status":"completed","error_message":null,"started_at":"2026-01-20T22:07:17.397211+00:00","completed_at":"2026-01-20T22:08:20.91+00:00","total_tokens":0,"token_details":[]}, 
 {"id":"4fe0361c-6e25-4bb5-b51e-3bf11918563d","project_id":"01d334cf-1c75-4aee-abce-822843609dd2","stage":4,"stage_name":"Tworzenie briefu","status":"completed","error_message":null,"started_at":"2026-01-20T22:19:17.886172+00:00","completed_at":"2026-01-20T22:20:07.127+00:00","total_tokens":0,"token_details":[]}, 
 {"id":"72d48aeb-8556-458e-bfff-cf573b81f83b","project_id":"312c01e2-a951-4cc8-a540-d7f7bad17248","stage":5,"stage_name":"Generowanie treści","status":"completed","error_message":null,"started_at":"2026-01-20T22:32:17.647941+00:00","completed_at":"2026-01-20T22:40:37.777+00:00","total_tokens":0,"token_details":[]}, 
 {"id":"430ad3a9-9ab0-4579-b2e8-89de1b991d25","project_id":"f05f2e0d-afc9-4ac5-8ff6-1626bb170023","stage":1,"stage_name":"Budowa wiedzy","status":"completed","error_message":null,"started_at":"2026-01-20T23:10:39.488592+00:00","completed_at":"2026-01-20T23:11:10.923+00:00","total_tokens":0,"token_details":[]}, 
 {"id":"7375e2bc-9f30-4f6d-bd33-b6b1722a8658","project_id":"f05f2e0d-afc9-4ac5-8ff6-1626bb170023","stage":2,"stage_name":"Generowanie nagłówków","status":"completed","error_message":null,"started_at":"2026-01-20T23:11:34.611445+00:00","completed_at":"2026-01-20T23:11:53.777+00:00","total_tokens":0,"token_details":[]}, 
 {"id":"7740919b-568b-4e44-8105-1a1c80f356cd","project_id":"38f208ca-94f3-49fc-bab1-97f47b267010","stage":2,"stage_name":"Generowanie nagłówków","status":"completed","error_message":null,"started_at":"2026-01-21T00:03:15.107297+00:00","completed_at":"2026-01-21T00:03:39.389+00:00","total_tokens":0,"token_details":[]}, 
 {"id":"ef8c5afb-3df7-4505-a7e0-c6fa295679eb","project_id":"38f208ca-94f3-49fc-bab1-97f47b267010","stage":3,"stage_name":"Budowa RAG","status":"cancelled","error_message":"Anulowano przez użytkownika","started_at":"2026-01-21T00:05:13.730838+00:00","completed_at":"2026-01-21T00:08:37.851+00:00","total_tokens":0,"token_details":[]}, 
 {"id":"3a7c90f8-8190-4725-abe5-61ec1a2a9302","project_id":"38f208ca-94f3-49fc-bab1-97f47b267010","stage":3,"stage_name":"Budowa RAG","status":"cancelled","error_message":"Anulowano przez użytkownika","started_at":"2026-01-21T00:08:40.567086+00:00","completed_at":"2026-01-21T00:11:54.783+00:00","total_tokens":0,"token_details":[]}, 
 {"id":"2101e45f-be11-4f7e-afff-d14d57cec04b","project_id":"38f208ca-94f3-49fc-bab1-97f47b267010","stage":3,"stage_name":"Budowa RAG","status":"running","error_message":null,"started_at":"2026-01-21T00:11:58.356376+00:00","completed_at":null,"total_tokens":0,"token_details":[]}, 
 {"id":"9a116220-7682-4996-b11e-ba6343d4451a","project_id":"38f208ca-94f3-49fc-bab1-97f47b267010","stage":1,"stage_name":"Budowa wiedzy","status":"cancelled","error_message":"Anulowano przez użytkownika","started_at":"2026-01-20T23:58:21.654703+00:00","completed_at":"2026-01-20T23:59:29.503+00:00","total_tokens":0,"token_details":[]}, 
 {"id":"2c4136bd-adc4-4a56-a807-9ca9cc3d8596","project_id":"636c4ada-c271-4a34-b967-c272dddf695e","stage":1,"stage_name":"Budowa wiedzy","status":"completed","error_message":null,"started_at":"2026-01-21T00:22:16.914603+00:00","completed_at":"2026-01-21T00:22:29.878+00:00","total_tokens":0,"token_details":[]}, 
 {"id":"eaea6d06-291d-48a4-b3eb-e36f43f5a3ea","project_id":"636c4ada-c271-4a34-b967-c272dddf695e","stage":2,"stage_name":"Generowanie nagłówków","status":"completed","error_message":null,"started_at":"2026-01-21T00:22:41.194486+00:00","completed_at":"2026-01-21T00:23:01.4+00:00","total_tokens":0,"token_details":[]}, 
 {"id":"8b44a729-034d-48c7-876e-75f7967fb4b6","project_id":"636c4ada-c271-4a34-b967-c272dddf695e","stage":3,"stage_name":"Budowa RAG","status":"cancelled","error_message":"Anulowano przez użytkownika","started_at":"2026-01-21T00:23:51.450031+00:00","completed_at":"2026-01-21T00:24:49.718+00:00","total_tokens":0,"token_details":[]}, 
 {"id":"d0439655-d526-4c86-ac2c-c73adca9487a","project_id":"636c4ada-c271-4a34-b967-c272dddf695e","stage":3,"stage_name":"Budowa RAG","status":"cancelled","error_message":"Anulowano przez użytkownika","started_at":"2026-01-21T00:26:09.720179+00:00","completed_at":"2026-01-21T00:29:25.461+00:00","total_tokens":0,"token_details":[]}, 
 {"id":"a96d991a-0498-4d0e-a90c-cdc4467c102d","project_id":"636c4ada-c271-4a34-b967-c272dddf695e","stage":3,"stage_name":"Budowa RAG","status":"cancelled","error_message":"Anulowano przez użytkownika","started_at":"2026-01-21T00:29:27.790124+00:00","completed_at":"2026-01-21T00:33:41.776+00:00","total_tokens":0,"token_details":[]}, 
 {"id":"36c79677-7d9e-4c39-9354-3987e90391c1","project_id":"636c4ada-c271-4a34-b967-c272dddf695e","stage":3,"stage_name":"Budowa RAG","status":"running","error_message":null,"started_at":"2026-01-21T00:33:45.085393+00:00","completed_at":null,"total_tokens":0,"token_details":[]}, 
 {"id":"c23a3dc0-0da8-4291-aa94-d1be63dbb8ad","project_id":"5da2c3ea-bd7f-4b7a-aeeb-167d104bc278","stage":1,"stage_name":"Budowa wiedzy","status":"completed","error_message":null,"started_at":"2026-01-21T09:01:52.915129+00:00","completed_at":"2026-01-21T09:02:33.938+00:00","total_tokens":0,"token_details":[]}, 
 {"id":"12353da5-d65f-44d2-bb8e-1b64cf6b2c0e","project_id":"5da2c3ea-bd7f-4b7a-aeeb-167d104bc278","stage":2,"stage_name":"Generowanie nagłówków","status":"completed","error_message":null,"started_at":"2026-01-21T09:03:09.727412+00:00","completed_at":"2026-01-21T09:03:26.141+00:00","total_tokens":0,"token_details":[]}, 
 {"id":"aa904efa-e9e5-4707-9e2f-1c9c3b70a726","project_id":"5da2c3ea-bd7f-4b7a-aeeb-167d104bc278","stage":3,"stage_name":"Budowa RAG","status":"completed","error_message":null,"started_at":"2026-01-21T09:04:23.163723+00:00","completed_at":"2026-01-21T09:05:31.411+00:00","total_tokens":0,"token_details":[]}, 
 {"id":"da54d35f-1eee-4fb3-a53e-436b67753dcc","project_id":"5da2c3ea-bd7f-4b7a-aeeb-167d104bc278","stage":4,"stage_name":"Tworzenie briefu","status":"completed","error_message":null,"started_at":"2026-01-21T09:08:30.846667+00:00","completed_at":"2026-01-21T09:09:21.264+00:00","total_tokens":0,"token_details":[]}, 
 {"id":"8c277840-9854-40d9-b938-a5a8fdd0441e","project_id":"5da2c3ea-bd7f-4b7a-aeeb-167d104bc278","stage":5,"stage_name":"Generowanie treści","status":"completed","error_message":null,"started_at":"2026-01-21T09:09:55.292054+00:00","completed_at":"2026-01-21T09:17:36.895+00:00","total_tokens":0,"token_details":[]}, 
 {"id":"819f734b-7041-41e5-92c1-d2b0fdfa5b6d","project_id":"d981eb17-5c07-45a6-9322-501fbf951956","stage":1,"stage_name":"Budowa wiedzy","status":"completed","error_message":null,"started_at":"2026-01-21T10:16:13.411583+00:00","completed_at":"2026-01-21T10:16:47.473+00:00","total_tokens":0,"token_details":[]}, 
 {"id":"26cf09a8-b700-4410-bda0-d92807093b6b","project_id":"d981eb17-5c07-45a6-9322-501fbf951956","stage":2,"stage_name":"Generowanie nagłówków","status":"completed","error_message":null,"started_at":"2026-01-21T10:17:00.719923+00:00","completed_at":"2026-01-21T10:17:24.827+00:00","total_tokens":0,"token_details":[]}, 
 {"id":"0547458e-6c0c-41d1-85d6-b281013578d7","project_id":"d981eb17-5c07-45a6-9322-501fbf951956","stage":3,"stage_name":"Budowa RAG","status":"completed","error_message":null,"started_at":"2026-01-21T10:18:09.874695+00:00","completed_at":"2026-01-21T10:19:41.577+00:00","total_tokens":0,"token_details":[]}, 
 {"id":"d59f2b4f-866c-4ded-8662-017648cd6243","project_id":"d981eb17-5c07-45a6-9322-501fbf951956","stage":4,"stage_name":"Tworzenie briefu","status":"completed","error_message":null,"started_at":"2026-01-21T10:23:17.738536+00:00","completed_at":"2026-01-21T10:23:44.841+00:00","total_tokens":0,"token_details":[]}, 
 {"id":"dadffb2d-7f58-41dc-8b7d-2b74bf47fdad","project_id":"d981eb17-5c07-45a6-9322-501fbf951956","stage":5,"stage_name":"Generowanie treści","status":"completed","error_message":null,"started_at":"2026-01-21T10:23:57.943603+00:00","completed_at":"2026-01-21T10:26:03.218+00:00","total_tokens":0,"token_details":[]}, 
 {"id":"4fda3f04-9ca9-4f7f-a799-707eb6675a54","project_id":"d981eb17-5c07-45a6-9322-501fbf951956","stage":5,"stage_name":"Generowanie treści","status":"completed","error_message":null,"started_at":"2026-01-21T10:32:07.219265+00:00","completed_at":"2026-01-21T10:32:07.529+00:00","total_tokens":0,"token_details":[]}, 
 {"id":"93c58de0-b2e2-4e0c-86df-d9ae0f7df109","project_id":"b9e23177-2ff3-4d54-b99b-bcae1824efad","stage":1,"stage_name":"Budowa wiedzy","status":"completed","error_message":null,"started_at":"2026-01-21T10:46:17.640039+00:00","completed_at":"2026-01-21T10:46:42.412+00:00","total_tokens":0,"token_details":[]}, 
 {"id":"e57bb666-b282-47e9-9436-5d1a44dd0ee1","project_id":"b9e23177-2ff3-4d54-b99b-bcae1824efad","stage":2,"stage_name":"Generowanie nagłówków","status":"completed","error_message":null,"started_at":"2026-01-21T10:47:00.284448+00:00","completed_at":"2026-01-21T10:47:10.97+00:00","total_tokens":0,"token_details":[]}, 
 {"id":"a7166675-8a33-42dc-9812-3f76a117a862","project_id":"b9e23177-2ff3-4d54-b99b-bcae1824efad","stage":3,"stage_name":"Budowa RAG","status":"completed","error_message":null,"started_at":"2026-01-21T10:48:06.618006+00:00","completed_at":"2026-01-21T10:49:43.036+00:00","total_tokens":0,"token_details":[]}, 
 {"id":"9dd4efab-2883-4b85-960a-bc37fca9afd9","project_id":"b9e23177-2ff3-4d54-b99b-bcae1824efad","stage":4,"stage_name":"Tworzenie briefu","status":"completed","error_message":null,"started_at":"2026-01-21T10:49:56.955071+00:00","completed_at":"2026-01-21T10:50:15.175+00:00","total_tokens":0,"token_details":[]}, 
 {"id":"c39f2a5f-8538-4bff-a3fb-2116bb5c2f58","project_id":"b9e23177-2ff3-4d54-b99b-bcae1824efad","stage":5,"stage_name":"Generowanie treści","status":"completed","error_message":null,"started_at":"2026-01-21T10:50:24.139346+00:00","completed_at":"2026-01-21T10:52:40.274+00:00","total_tokens":0,"token_details":[]}, 
 {"id":"6117aa3b-ec9d-4ed8-8da0-29ea7c4bde48","project_id":"3937abb5-b63e-4339-a3d7-6f1d73440323","stage":1,"stage_name":"Budowa wiedzy","status":"completed","error_message":null,"started_at":"2026-01-21T11:10:53.44617+00:00","completed_at":"2026-01-21T11:12:00.956+00:00","total_tokens":0,"token_details":[]}, 
 {"id":"59e9aede-a71f-4463-a738-202aaeb7b396","project_id":"3937abb5-b63e-4339-a3d7-6f1d73440323","stage":2,"stage_name":"Generowanie nagłówków","status":"completed","error_message":null,"started_at":"2026-01-21T11:12:24.795718+00:00","completed_at":"2026-01-21T11:13:00.323+00:00","total_tokens":0,"token_details":[]}, 
 {"id":"c5ab8238-4451-4269-9201-da8e2c97c252","project_id":"3937abb5-b63e-4339-a3d7-6f1d73440323","stage":3,"stage_name":"Budowa RAG","status":"completed","error_message":null,"started_at":"2026-01-21T11:13:57.708651+00:00","completed_at":"2026-01-21T11:17:07.72+00:00","total_tokens":0,"token_details":[]}, 
 {"id":"00b4f848-19b1-44bc-93f0-82ced6afb335","project_id":"3937abb5-b63e-4339-a3d7-6f1d73440323","stage":4,"stage_name":"Tworzenie briefu","status":"completed","error_message":null,"started_at":"2026-01-21T11:17:39.343713+00:00","completed_at":"2026-01-21T11:18:22.172+00:00","total_tokens":0,"token_details":[]}, 
 {"id":"f4ee2f99-15c9-49ba-9707-e68d265b6cc1","project_id":"3937abb5-b63e-4339-a3d7-6f1d73440323","stage":4,"stage_name":"Tworzenie briefu","status":"completed","error_message":null,"started_at":"2026-01-21T11:31:25.045944+00:00","completed_at":"2026-01-21T11:32:12.813+00:00","total_tokens":0,"token_details":[]}, 
 {"id":"472261f6-33dd-4ba0-bde4-c1e61bf78f99","project_id":"b9f58ca4-d979-4b0e-a390-d6fcf7ab0cf6","stage":1,"stage_name":"Budowa wiedzy","status":"completed","error_message":null,"started_at":"2026-01-21T11:33:16.218775+00:00","completed_at":"2026-01-21T11:34:34.104+00:00","total_tokens":0,"token_details":[]}, 
 {"id":"9c46d641-6266-4db4-b86a-3f40e5bda305","project_id":"b9f58ca4-d979-4b0e-a390-d6fcf7ab0cf6","stage":2,"stage_name":"Generowanie nagłówków","status":"completed","error_message":null,"started_at":"2026-01-21T11:36:41.036567+00:00","completed_at":"2026-01-21T11:37:03.68+00:00","total_tokens":0,"token_details":[]}, 
 {"id":"6cf13b5d-c1dc-4ac7-8222-29b65a4d082c","project_id":"b9f58ca4-d979-4b0e-a390-d6fcf7ab0cf6","stage":3,"stage_name":"Budowa RAG","status":"completed","error_message":null,"started_at":"2026-01-21T11:37:27.36442+00:00","completed_at":"2026-01-21T11:39:51.396+00:00","total_tokens":0,"token_details":[]}, 
 {"id":"4c808ce8-9335-4523-bda9-8abb421bc196","project_id":"b9f58ca4-d979-4b0e-a390-d6fcf7ab0cf6","stage":4,"stage_name":"Tworzenie briefu","status":"completed","error_message":null,"started_at":"2026-01-21T11:47:02.621875+00:00","completed_at":"2026-01-21T11:47:29.565+00:00","total_tokens":0,"token_details":[]}, 
 {"id":"9da2c633-df76-4685-b88c-51d30af1c171","project_id":"b9f58ca4-d979-4b0e-a390-d6fcf7ab0cf6","stage":4,"stage_name":"Tworzenie briefu","status":"completed","error_message":null,"started_at":"2026-01-21T11:58:49.27918+00:00","completed_at":"2026-01-21T11:59:25.987+00:00","total_tokens":0,"token_details":[]}, 
 {"id":"542079b2-85a3-4fcd-94d0-b3e7c889eb7d","project_id":"b9f58ca4-d979-4b0e-a390-d6fcf7ab0cf6","stage":5,"stage_name":"Generowanie treści","status":"completed","error_message":null,"started_at":"2026-01-21T11:59:35.056992+00:00","completed_at":"2026-01-21T12:04:17.408+00:00","total_tokens":0,"token_details":[]}, 
 {"id":"aa5ffd03-2233-409e-a50c-df5ba28faaf1","project_id":"85e63246-f0b9-49e5-810e-596ee224f8d9","stage":1,"stage_name":"Budowa wiedzy","status":"completed","error_message":null,"started_at":"2026-01-21T13:06:13.882452+00:00","completed_at":"2026-01-21T13:07:44.326+00:00","total_tokens":0,"token_details":[]}, 
 {"id":"d047d651-71cf-4ef7-956f-21d1a64ef66c","project_id":"85e63246-f0b9-49e5-810e-596ee224f8d9","stage":2,"stage_name":"Generowanie nagłówków","status":"completed","error_message":null,"started_at":"2026-01-21T13:08:08.527401+00:00","completed_at":"2026-01-21T13:08:38.869+00:00","total_tokens":0,"token_details":[]}, 
 {"id":"e170fbd8-8146-4175-8131-1186605788fa","project_id":"85e63246-f0b9-49e5-810e-596ee224f8d9","stage":3,"stage_name":"Budowa RAG","status":"completed","error_message":null,"started_at":"2026-01-21T13:11:46.311059+00:00","completed_at":"2026-01-21T13:13:18.714+00:00","total_tokens":0,"token_details":[]}, 
 {"id":"21e20ada-f075-409b-86bf-994f21a7c513","project_id":"85e63246-f0b9-49e5-810e-596ee224f8d9","stage":4,"stage_name":"Tworzenie briefu","status":"completed","error_message":null,"started_at":"2026-01-21T13:13:31.416312+00:00","completed_at":"2026-01-21T13:14:12.308+00:00","total_tokens":0,"token_details":[]}, 
 {"id":"4d05844c-1625-4a5b-885a-a829619c6fd7","project_id":"85e63246-f0b9-49e5-810e-596ee224f8d9","stage":5,"stage_name":"Generowanie treści","status":"completed","error_message":null,"started_at":"2026-01-21T13:14:24.663416+00:00","completed_at":"2026-01-21T13:23:14.653+00:00","total_tokens":0,"token_details":[]}, 
 {"id":"81a36c1f-a269-4a36-bb4b-b564c937ac0d","project_id":"60df708d-453f-4609-88d6-9415a47c25f2","stage":2,"stage_name":"Generowanie nagłówków","status":"completed","error_message":null,"started_at":"2026-01-21T21:44:01.639008+00:00","completed_at":"2026-01-21T21:44:23.412+00:00","total_tokens":21065,"token_details":[{"node_id": "1718577624729", "node_type": "llm", "node_title": "Naglowki rozbudowane", "total_tokens": 7454}, {"node_id": "17214966319150", "node_type": "llm", "node_title": "Naglowki h2", "total_tokens": 6411}, {"node_id": "1721657467125", "node_type": "llm", "node_title": "Nagłówki jako pytania", "total_tokens": 7200}]}, 
 {"id":"4ea01658-549d-4cd4-9741-f56fc5ca502b","project_id":"60df708d-453f-4609-88d6-9415a47c25f2","stage":3,"stage_name":"Budowa RAG","status":"completed","error_message":null,"started_at":"2026-01-21T21:45:09.444452+00:00","completed_at":"2026-01-21T21:47:31.958+00:00","total_tokens":188466,"token_details":[{"node_id": "1723028732575", "node_type": "llm", "node_title": "Ekstrakcja brandów", "total_tokens": 4205}, {"node_id": "1750950298285", "node_type": "llm", "node_title": "Pytania ogolne", "total_tokens": 91146}, {"node_id": "1723029663619", "node_type": "llm", "node_title": "Pytania dokladne", "total_tokens": 93115}]}, 
 {"id":"29af831a-c778-4ee4-b3f6-1b269b9142ba","project_id":"2ad04526-fb39-4611-88e5-d0001dcabdca","stage":1,"stage_name":"Budowa wiedzy","status":"completed","error_message":null,"started_at":"2026-01-21T20:46:01.689034+00:00","completed_at":"2026-01-21T20:47:08.355+00:00","total_tokens":0,"token_details":[]}, 
 {"id":"38ab473d-abdc-4c99-8524-db2dc9f12696","project_id":"2ad04526-fb39-4611-88e5-d0001dcabdca","stage":2,"stage_name":"Generowanie nagłówków","status":"completed","error_message":null,"started_at":"2026-01-21T20:47:59.571246+00:00","completed_at":"2026-01-21T20:48:19.956+00:00","total_tokens":0,"token_details":[]}, 
 {"id":"e4255b97-5ba0-4b09-b49e-05ba90d8426a","project_id":"2ad04526-fb39-4611-88e5-d0001dcabdca","stage":3,"stage_name":"Budowa RAG","status":"completed","error_message":null,"started_at":"2026-01-21T20:49:30.389855+00:00","completed_at":"2026-01-21T20:51:15.526+00:00","total_tokens":0,"token_details":[]}, 
 {"id":"3eb08849-7432-4d6a-8613-2df7f3410a18","project_id":"2ad04526-fb39-4611-88e5-d0001dcabdca","stage":4,"stage_name":"Tworzenie briefu","status":"completed","error_message":null,"started_at":"2026-01-21T20:51:54.021935+00:00","completed_at":"2026-01-21T20:52:21.595+00:00","total_tokens":0,"token_details":[]}, 
 {"id":"c53eff4d-80cb-4372-9df2-2983b04b115d","project_id":"2ad04526-fb39-4611-88e5-d0001dcabdca","stage":5,"stage_name":"Generowanie treści","status":"completed","error_message":null,"started_at":"2026-01-21T20:52:47.32423+00:00","completed_at":"2026-01-21T20:57:26.185+00:00","total_tokens":0,"token_details":[]}, 
 {"id":"bee06ddb-8be5-4cbc-8951-6a2dbe5b0f8e","project_id":"8c8592e1-fdde-4dc0-893e-1c58c0f791e4","stage":1,"stage_name":"Budowa wiedzy","status":"completed","error_message":null,"started_at":"2026-01-21T21:18:16.262541+00:00","completed_at":"2026-01-21T21:19:54.55+00:00","total_tokens":43405,"token_details":[]}, 
 {"id":"cc25c273-7cef-4660-a51c-0dfd57324818","project_id":"8c8592e1-fdde-4dc0-893e-1c58c0f791e4","stage":2,"stage_name":"Generowanie nagłówków","status":"completed","error_message":null,"started_at":"2026-01-21T21:20:09.476986+00:00","completed_at":"2026-01-21T21:20:53.524+00:00","total_tokens":20765,"token_details":[]}, 
 {"id":"4d9c65b0-02f9-4555-ba67-a325f8361cf8","project_id":"8c8592e1-fdde-4dc0-893e-1c58c0f791e4","stage":3,"stage_name":"Budowa RAG","status":"completed","error_message":null,"started_at":"2026-01-21T21:21:28.406671+00:00","completed_at":"2026-01-21T21:23:28.635+00:00","total_tokens":460399,"token_details":[]}, 
 {"id":"9e35c9d9-399b-4902-b1ce-3b3d43bc4663","project_id":"8c8592e1-fdde-4dc0-893e-1c58c0f791e4","stage":4,"stage_name":"Tworzenie briefu","status":"completed","error_message":null,"started_at":"2026-01-21T21:23:47.751476+00:00","completed_at":"2026-01-21T21:24:14.685+00:00","total_tokens":6519,"token_details":[]}, 
 {"id":"50257e5a-bf03-44b0-9704-cf07ba277e84","project_id":"8c8592e1-fdde-4dc0-893e-1c58c0f791e4","stage":5,"stage_name":"Generowanie treści","status":"completed","error_message":null,"started_at":"2026-01-21T21:24:24.437517+00:00","completed_at":"2026-01-21T21:25:19.657+00:00","total_tokens":8532,"token_details":[]}, 
 {"id":"53a48430-3073-4878-829c-86d18a4760f1","project_id":"60df708d-453f-4609-88d6-9415a47c25f2","stage":1,"stage_name":"Budowa wiedzy","status":"completed","error_message":null,"started_at":"2026-01-21T21:42:04.925827+00:00","completed_at":"2026-01-21T21:43:28.565+00:00","total_tokens":38930,"token_details":[{"node_id": "1721305316764", "node_type": "llm", "node_title": "Ekstrakcja brandow", "total_tokens": 624}, {"node_id": "1718573002611", "node_type": "llm", "node_title": "LLM 2", "total_tokens": 726}, {"node_id": "1718573002611", "node_type": "llm", "node_title": "LLM 2", "total_tokens": 728}, {"node_id": "1718573002611", "node_type": "llm", "node_title": "LLM 2", "total_tokens": 729}, {"node_id": "1718573002611", "node_type": "llm", "node_title": "LLM 2", "total_tokens": 728}, {"node_id": "1718573002611", "node_type": "llm", "node_title": "LLM 2", "total_tokens": 728}, {"node_id": "1718573002611", "node_type": "llm", "node_title": "LLM 2", "total_tokens": 759}, {"node_id": "1718573002611", "node_type": "llm", "node_title": "LLM 2", "total_tokens": 731}, {"node_id": "1718573002611", "node_type": "llm", "node_title": "LLM 2", "total_tokens": 728}, {"node_id": "1721387053950", "node_type": "llm", "node_title": "LLM 6", "total_tokens": 948}, {"node_id": "1721387053950", "node_type": "llm", "node_title": "LLM 6", "total_tokens": 947}, {"node_id": "1721387053950", "node_type": "llm", "node_title": "LLM 6", "total_tokens": 946}, {"node_id": "1721387053950", "node_type": "llm", "node_title": "LLM 6", "total_tokens": 949}, {"node_id": "1721387053950", "node_type": "llm", "node_title": "LLM 6", "total_tokens": 943}, {"node_id": "1721387053950", "node_type": "llm", "node_title": "LLM 6", "total_tokens": 948}, {"node_id": "1721387053950", "node_type": "llm", "node_title": "LLM 6", "total_tokens": 951}, {"node_id": "1721387053950", "node_type": "llm", "node_title": "LLM 6", "total_tokens": 950}, {"node_id": "1722372527796", "node_type": "llm", "node_title": "LLM 6", "total_tokens": 389}, {"node_id": "1722372527796", "node_type": "llm", "node_title": "LLM 6", "total_tokens": 389}, {"node_id": "1722372527796", "node_type": "llm", "node_title": "LLM 6", "total_tokens": 389}, {"node_id": "1722372527796", "node_type": "llm", "node_title": "LLM 6", "total_tokens": 389}, {"node_id": "1722372527796", "node_type": "llm", "node_title": "LLM 6", "total_tokens": 389}, {"node_id": "1722372527796", "node_type": "llm", "node_title": "LLM 6", "total_tokens": 389}, {"node_id": "1722372527796", "node_type": "llm", "node_title": "LLM 6", "total_tokens": 389}, {"node_id": "1722372527796", "node_type": "llm", "node_title": "LLM 6", "total_tokens": 389}, {"node_id": "1721388402453", "node_type": "llm", "node_title": "Keywords from SERP", "total_tokens": 1110}, {"node_id": "1722373199087", "node_type": "llm", "node_title": "Headingi", "total_tokens": 3395}, {"node_id": "1749475555565", "node_type": "llm", "node_title": "AI extraction", "total_tokens": 848}, {"node_id": "1749410327390", "node_type": "llm", "node_title": "Knowledge graph", "total_tokens": 12778}, {"node_id": "1718576445663", "node_type": "llm", "node_title": "LLM - budowa grafu informacji", "total_tokens": 3624}]}, 
 {"id":"1045663e-ddaa-4b4d-a3cf-3f0a6209c5e0","project_id":"60df708d-453f-4609-88d6-9415a47c25f2","stage":4,"stage_name":"Tworzenie briefu","status":"completed","error_message":null,"started_at":"2026-01-21T21:47:36.658805+00:00","completed_at":"2026-01-21T21:48:14.529+00:00","total_tokens":8473,"token_details":[{"node_id": "1723118223405", "node_type": "llm", "node_title": "LLM", "total_tokens": 6356}, {"node_id": "1750974480597", "node_type": "llm", "node_title": "html", "total_tokens": 2117}]}, 
 {"id":"a90f6889-d5e7-4d29-8e9b-41f71c601591","project_id":"60df708d-453f-4609-88d6-9415a47c25f2","stage":5,"stage_name":"Generowanie treści","status":"completed","error_message":null,"started_at":"2026-01-21T21:48:20.173186+00:00","completed_at":"2026-01-21T21:54:43.044+00:00","total_tokens":52099,"token_details":[{"node_id": "1723059672725", "node_type": "llm", "node_title": "[Sekcja 1] Generowanie", "total_tokens": 3621}, {"node_id": "1723121012659", "node_type": "llm", "node_title": "[Sekcja 1] Perplexity", "total_tokens": 975}, {"node_id": "1723121137036", "node_type": "llm", "node_title": "[Sekcja 1] Humanizacja", "total_tokens": 973}, {"node_id": "1723121255187", "node_type": "llm", "node_title": "[Sekcja 1] Formatowanie", "total_tokens": 1298}, {"node_id": "1723059672725", "node_type": "llm", "node_title": "[Sekcja 2] Generowanie", "total_tokens": 4586}, {"node_id": "17397922757130", "node_type": "llm", "node_title": "[Sekcja 2] Weryfikacja", "total_tokens": 4512}, {"node_id": "17429205878600", "node_type": "llm", "node_title": "[Sekcja 2] Perplexity (1)", "total_tokens": 1070}, {"node_id": "17429205961290", "node_type": "llm", "node_title": "[Sekcja 2] Humanizacja (1)", "total_tokens": 2625}, {"node_id": "17429206056130", "node_type": "llm", "node_title": "[Sekcja 2] Formatowanie (1)", "total_tokens": 1538}, {"node_id": "1723059672725", "node_type": "llm", "node_title": "[Sekcja 3] Generowanie", "total_tokens": 5144}, {"node_id": "17397922757130", "node_type": "llm", "node_title": "[Sekcja 3] Weryfikacja", "total_tokens": 4936}, {"node_id": "17429205878600", "node_type": "llm", "node_title": "[Sekcja 3] Perplexity (1)", "total_tokens": 1091}, {"node_id": "17429205961290", "node_type": "llm", "node_title": "[Sekcja 3] Humanizacja (1)", "total_tokens": 2977}, {"node_id": "17429206056130", "node_type": "llm", "node_title": "[Sekcja 3] Formatowanie (1)", "total_tokens": 1470}, {"node_id": "1723059672725", "node_type": "llm", "node_title": "[Sekcja 4] Generowanie", "total_tokens": 5058}, {"node_id": "17397922757130", "node_type": "llm", "node_title": "[Sekcja 4] Weryfikacja", "total_tokens": 5491}, {"node_id": "17429205878600", "node_type": "llm", "node_title": "[Sekcja 4] Perplexity (1)", "total_tokens": 1005}, {"node_id": "17429205961290", "node_type": "llm", "node_title": "[Sekcja 4] Humanizacja (1)", "total_tokens": 2385}, {"node_id": "17429206056130", "node_type": "llm", "node_title": "[Sekcja 4] Formatowanie (1)", "total_tokens": 1344}]}, 
 {"id":"a69bcae6-2355-4767-a1c0-3d76e626c1c3","project_id":"ebac0f3f-a6a4-4675-aba7-2f406c1b384c","stage":1,"stage_name":"Budowa wiedzy","status":"completed","error_message":null,"started_at":"2026-01-21T22:12:12.004548+00:00","completed_at":"2026-01-21T22:13:23.513+00:00","total_tokens":43736,"token_details":[{"node_id": "1721305316764", "node_type": "llm", "node_title": "Ekstrakcja brandow", "total_tokens": 724}, {"node_id": "1718573002611", "node_type": "llm", "node_title": "LLM 2", "total_tokens": 755}, {"node_id": "1718573002611", "node_type": "llm", "node_title": "LLM 2", "total_tokens": 762}, {"node_id": "1718573002611", "node_type": "llm", "node_title": "LLM 2", "total_tokens": 762}, {"node_id": "1718573002611", "node_type": "llm", "node_title": "LLM 2", "total_tokens": 761}, {"node_id": "1718573002611", "node_type": "llm", "node_title": "LLM 2", "total_tokens": 766}, {"node_id": "1718573002611", "node_type": "llm", "node_title": "LLM 2", "total_tokens": 775}, {"node_id": "1718573002611", "node_type": "llm", "node_title": "LLM 2", "total_tokens": 754}, {"node_id": "1718573002611", "node_type": "llm", "node_title": "LLM 2", "total_tokens": 770}, {"node_id": "1718573002611", "node_type": "llm", "node_title": "LLM 2", "total_tokens": 772}, {"node_id": "1718573002611", "node_type": "llm", "node_title": "LLM 2", "total_tokens": 778}, {"node_id": "1721387053950", "node_type": "llm", "node_title": "LLM 6", "total_tokens": 951}, {"node_id": "1721387053950", "node_type": "llm", "node_title": "LLM 6", "total_tokens": 955}, {"node_id": "1721387053950", "node_type": "llm", "node_title": "LLM 6", "total_tokens": 946}, {"node_id": "1721387053950", "node_type": "llm", "node_title": "LLM 6", "total_tokens": 946}, {"node_id": "1721387053950", "node_type": "llm", "node_title": "LLM 6", "total_tokens": 958}, {"node_id": "1721387053950", "node_type": "llm", "node_title": "LLM 6", "total_tokens": 958}, {"node_id": "1721387053950", "node_type": "llm", "node_title": "LLM 6", "total_tokens": 946}, {"node_id": "1721387053950", "node_type": "llm", "node_title": "LLM 6", "total_tokens": 951}, {"node_id": "1721387053950", "node_type": "llm", "node_title": "LLM 6", "total_tokens": 946}, {"node_id": "1721387053950", "node_type": "llm", "node_title": "LLM 6", "total_tokens": 964}, {"node_id": "1722372527796", "node_type": "llm", "node_title": "LLM 6", "total_tokens": 389}, {"node_id": "1722372527796", "node_type": "llm", "node_title": "LLM 6", "total_tokens": 389}, {"node_id": "1722372527796", "node_type": "llm", "node_title": "LLM 6", "total_tokens": 389}, {"node_id": "1722372527796", "node_type": "llm", "node_title": "LLM 6", "total_tokens": 389}, {"node_id": "1722372527796", "node_type": "llm", "node_title": "LLM 6", "total_tokens": 389}, {"node_id": "1722372527796", "node_type": "llm", "node_title": "LLM 6", "total_tokens": 389}, {"node_id": "1722372527796", "node_type": "llm", "node_title": "LLM 6", "total_tokens": 389}, {"node_id": "1722372527796", "node_type": "llm", "node_title": "LLM 6", "total_tokens": 389}, {"node_id": "1722372527796", "node_type": "llm", "node_title": "LLM 6", "total_tokens": 389}, {"node_id": "1722372527796", "node_type": "llm", "node_title": "LLM 6", "total_tokens": 389}, {"node_id": "1721388402453", "node_type": "llm", "node_title": "Keywords from SERP", "total_tokens": 925}, {"node_id": "1722373199087", "node_type": "llm", "node_title": "Headingi", "total_tokens": 2463}, {"node_id": "1749475555565", "node_type": "llm", "node_title": "AI extraction", "total_tokens": 900}, {"node_id": "1718576445663", "node_type": "llm", "node_title": "LLM - budowa grafu informacji", "total_tokens": 3565}, {"node_id": "1749410327390", "node_type": "llm", "node_title": "Knowledge graph", "total_tokens": 14093}]}, 
 {"id":"d2da96db-1d1a-4299-a3ed-0a69356ce9f6","project_id":"ebac0f3f-a6a4-4675-aba7-2f406c1b384c","stage":2,"stage_name":"Generowanie nagłówków","status":"completed","error_message":null,"started_at":"2026-01-21T22:13:58.89852+00:00","completed_at":"2026-01-21T22:14:16.37+00:00","total_tokens":21300,"token_details":[{"node_id": "1718577624729", "node_type": "llm", "node_title": "Naglowki rozbudowane", "total_tokens": 7541}, {"node_id": "17214966319150", "node_type": "llm", "node_title": "Naglowki h2", "total_tokens": 6636}, {"node_id": "1721657467125", "node_type": "llm", "node_title": "Nagłówki jako pytania", "total_tokens": 7123}]}, 
 {"id":"260450b5-b5b5-4f33-95e8-a735de7e6f94","project_id":"ebac0f3f-a6a4-4675-aba7-2f406c1b384c","stage":3,"stage_name":"Budowa RAG","status":"completed","error_message":null,"started_at":"2026-01-21T22:14:35.852412+00:00","completed_at":"2026-01-21T22:16:15.387+00:00","total_tokens":391284,"token_details":[{"node_id": "1723028732575", "node_type": "llm", "node_title": "Ekstrakcja brandów", "total_tokens": 3711}, {"node_id": "1723029663619", "node_type": "llm", "node_title": "Pytania dokladne", "total_tokens": 193275}, {"node_id": "1750950298285", "node_type": "llm", "node_title": "Pytania ogolne", "total_tokens": 194298}]}, 
 {"id":"f44a97b4-7c2d-4ba2-9a9f-9e426fc3f625","project_id":"ebac0f3f-a6a4-4675-aba7-2f406c1b384c","stage":4,"stage_name":"Tworzenie briefu","status":"completed","error_message":null,"started_at":"2026-01-21T22:16:34.391116+00:00","completed_at":"2026-01-21T22:17:12.81+00:00","total_tokens":8034,"token_details":[{"node_id": "1723118223405", "node_type": "llm", "node_title": "LLM", "total_tokens": 6507}, {"node_id": "1750974480597", "node_type": "llm", "node_title": "html", "total_tokens": 1527}]}, 
 {"id":"9ac1acdc-fae8-4aa0-9a0c-a055b605fbdb","project_id":"ebac0f3f-a6a4-4675-aba7-2f406c1b384c","stage":5,"stage_name":"Generowanie treści","status":"completed","error_message":null,"started_at":"2026-01-21T22:17:22.552453+00:00","completed_at":"2026-01-21T22:19:40.259+00:00","total_tokens":18923,"token_details":[{"node_id": "1723059672725", "node_type": "llm", "node_title": "[Sekcja 1] Generowanie", "total_tokens": 4283}, {"node_id": "1723121012659", "node_type": "llm", "node_title": "[Sekcja 1] Perplexity", "total_tokens": 972}, {"node_id": "1723121137036", "node_type": "llm", "node_title": "[Sekcja 1] Humanizacja", "total_tokens": 1014}, {"node_id": "1723121255187", "node_type": "llm", "node_title": "[Sekcja 1] Formatowanie", "total_tokens": 1336}, {"node_id": "1723059672725", "node_type": "llm", "node_title": "[Sekcja 2] Generowanie", "total_tokens": 2772}, {"node_id": "17397922757130", "node_type": "llm", "node_title": "[Sekcja 2] Weryfikacja", "total_tokens": 4098}, {"node_id": "17429205878600", "node_type": "llm", "node_title": "[Sekcja 2] Perplexity (1)", "total_tokens": 902}, {"node_id": "17429205961290", "node_type": "llm", "node_title": "[Sekcja 2] Humanizacja (1)", "total_tokens": 2336}, {"node_id": "17429206056130", "node_type": "llm", "node_title": "[Sekcja 2] Formatowanie (1)", "total_tokens": 1210}]}, 
 {"id":"2acd689c-4fd8-43a1-9857-e2818de22e5d","project_id":"138925a7-fd58-4240-9bf5-e2badf48281a","stage":1,"stage_name":"Budowa wiedzy","status":"completed","error_message":null,"started_at":"2026-01-21T23:15:41.958598+00:00","completed_at":"2026-01-21T23:17:28.354+00:00","total_tokens":51799,"token_details":[{"node_id": "1721305316764", "node_type": "llm", "node_title": "Ekstrakcja brandow", "total_tokens": 611}, {"node_id": "1718573002611", "node_type": "llm", "node_title": "LLM 2", "total_tokens": 746}, {"node_id": "1718573002611", "node_type": "llm", "node_title": "LLM 2", "total_tokens": 733}, {"node_id": "1718573002611", "node_type": "llm", "node_title": "LLM 2", "total_tokens": 741}, {"node_id": "1718573002611", "node_type": "llm", "node_title": "LLM 2", "total_tokens": 743}, {"node_id": "1718573002611", "node_type": "llm", "node_title": "LLM 2", "total_tokens": 743}, {"node_id": "1718573002611", "node_type": "llm", "node_title": "LLM 2", "total_tokens": 733}, {"node_id": "1718573002611", "node_type": "llm", "node_title": "LLM 2", "total_tokens": 741}, {"node_id": "1718573002611", "node_type": "llm", "node_title": "LLM 2", "total_tokens": 743}, {"node_id": "1718573002611", "node_type": "llm", "node_title": "LLM 2", "total_tokens": 733}, {"node_id": "1718573002611", "node_type": "llm", "node_title": "LLM 2", "total_tokens": 736}, {"node_id": "1721387053950", "node_type": "llm", "node_title": "LLM 6", "total_tokens": 930}, {"node_id": "1721387053950", "node_type": "llm", "node_title": "LLM 6", "total_tokens": 940}, {"node_id": "1721387053950", "node_type": "llm", "node_title": "LLM 6", "total_tokens": 940}, {"node_id": "1721387053950", "node_type": "llm", "node_title": "LLM 6", "total_tokens": 940}, {"node_id": "1721387053950", "node_type": "llm", "node_title": "LLM 6", "total_tokens": 940}, {"node_id": "1721387053950", "node_type": "llm", "node_title": "LLM 6", "total_tokens": 940}, {"node_id": "1721387053950", "node_type": "llm", "node_title": "LLM 6", "total_tokens": 940}, {"node_id": "1721387053950", "node_type": "llm", "node_title": "LLM 6", "total_tokens": 940}, {"node_id": "1721387053950", "node_type": "llm", "node_title": "LLM 6", "total_tokens": 940}, {"node_id": "1721387053950", "node_type": "llm", "node_title": "LLM 6", "total_tokens": 940}, {"node_id": "1722372527796", "node_type": "llm", "node_title": "LLM 6", "total_tokens": 389}, {"node_id": "1722372527796", "node_type": "llm", "node_title": "LLM 6", "total_tokens": 389}, {"node_id": "1722372527796", "node_type": "llm", "node_title": "LLM 6", "total_tokens": 389}, {"node_id": "1722372527796", "node_type": "llm", "node_title": "LLM 6", "total_tokens": 389}, {"node_id": "1722372527796", "node_type": "llm", "node_title": "LLM 6", "total_tokens": 389}, {"node_id": "1722372527796", "node_type": "llm", "node_title": "LLM 6", "total_tokens": 389}, {"node_id": "1722372527796", "node_type": "llm", "node_title": "LLM 6", "total_tokens": 389}, {"node_id": "1722372527796", "node_type": "llm", "node_title": "LLM 6", "total_tokens": 389}, {"node_id": "1722372527796", "node_type": "llm", "node_title": "LLM 6", "total_tokens": 389}, {"node_id": "1722372527796", "node_type": "llm", "node_title": "LLM 6", "total_tokens": 389}, {"node_id": "1721388402453", "node_type": "llm", "node_title": "Keywords from SERP", "total_tokens": 1050}, {"node_id": "1722373199087", "node_type": "llm", "node_title": "Headingi", "total_tokens": 2334}, {"node_id": "1749475555565", "node_type": "llm", "node_title": "AI extraction", "total_tokens": 889}, {"node_id": "1718576445663", "node_type": "llm", "node_title": "LLM - budowa grafu informacji", "total_tokens": 3162}, {"node_id": "1749410327390", "node_type": "llm", "node_title": "Knowledge graph", "total_tokens": 23081}]}, 
 {"id":"bee7031b-902e-4c21-9548-983685a1c796","project_id":"138925a7-fd58-4240-9bf5-e2badf48281a","stage":2,"stage_name":"Generowanie nagłówków","status":"completed","error_message":null,"started_at":"2026-01-21T23:17:53.769409+00:00","completed_at":"2026-01-21T23:18:13.881+00:00","total_tokens":21240,"token_details":[{"node_id": "1718577624729", "node_type": "llm", "node_title": "Naglowki rozbudowane", "total_tokens": 7565}, {"node_id": "17214966319150", "node_type": "llm", "node_title": "Naglowki h2", "total_tokens": 6364}, {"node_id": "1721657467125", "node_type": "llm", "node_title": "Nagłówki jako pytania", "total_tokens": 7311}]}, 
 {"id":"b12f1a3f-afb5-4d2e-ad0e-2eec252e9260","project_id":"138925a7-fd58-4240-9bf5-e2badf48281a","stage":3,"stage_name":"Budowa RAG","status":"cancelled","error_message":"Anulowano przez użytkownika","started_at":"2026-01-21T23:19:39.729895+00:00","completed_at":"2026-01-21T23:26:47.232+00:00","total_tokens":0,"token_details":[]}, 
 {"id":"eab84cd7-a397-44a7-9d25-dbe4c6e93091","project_id":"56fd146e-4c5f-43eb-8990-aca405e42769","stage":1,"stage_name":"Budowa wiedzy","status":"completed","error_message":null,"started_at":"2026-01-22T07:47:30.447933+00:00","completed_at":"2026-01-22T07:49:13.554+00:00","total_tokens":44963,"token_details":[{"node_id": "1721305316764", "node_type": "llm", "node_title": "Ekstrakcja brandow", "total_tokens": 706}, {"node_id": "1718573002611", "node_type": "llm", "node_title": "LLM 2", "total_tokens": 781}, {"node_id": "1718573002611", "node_type": "llm", "node_title": "LLM 2", "total_tokens": 777}, {"node_id": "1718573002611", "node_type": "llm", "node_title": "LLM 2", "total_tokens": 782}, {"node_id": "1718573002611", "node_type": "llm", "node_title": "LLM 2", "total_tokens": 765}, {"node_id": "1718573002611", "node_type": "llm", "node_title": "LLM 2", "total_tokens": 771}, {"node_id": "1718573002611", "node_type": "llm", "node_title": "LLM 2", "total_tokens": 787}, {"node_id": "1718573002611", "node_type": "llm", "node_title": "LLM 2", "total_tokens": 765}, {"node_id": "1718573002611", "node_type": "llm", "node_title": "LLM 2", "total_tokens": 777}, {"node_id": "1718573002611", "node_type": "llm", "node_title": "LLM 2", "total_tokens": 785}, {"node_id": "1721387053950", "node_type": "llm", "node_title": "LLM 6", "total_tokens": 961}, {"node_id": "1721387053950", "node_type": "llm", "node_title": "LLM 6", "total_tokens": 961}, {"node_id": "1721387053950", "node_type": "llm", "node_title": "LLM 6", "total_tokens": 962}, {"node_id": "1721387053950", "node_type": "llm", "node_title": "LLM 6", "total_tokens": 961}, {"node_id": "1721387053950", "node_type": "llm", "node_title": "LLM 6", "total_tokens": 961}, {"node_id": "1721387053950", "node_type": "llm", "node_title": "LLM 6", "total_tokens": 981}, {"node_id": "1721387053950", "node_type": "llm", "node_title": "LLM 6", "total_tokens": 961}, {"node_id": "1721387053950", "node_type": "llm", "node_title": "LLM 6", "total_tokens": 961}, {"node_id": "1721387053950", "node_type": "llm", "node_title": "LLM 6", "total_tokens": 981}, {"node_id": "1722372527796", "node_type": "llm", "node_title": "LLM 6", "total_tokens": 389}, {"node_id": "1722372527796", "node_type": "llm", "node_title": "LLM 6", "total_tokens": 389}, {"node_id": "1722372527796", "node_type": "llm", "node_title": "LLM 6", "total_tokens": 389}, {"node_id": "1722372527796", "node_type": "llm", "node_title": "LLM 6", "total_tokens": 389}, {"node_id": "1722372527796", "node_type": "llm", "node_title": "LLM 6", "total_tokens": 389}, {"node_id": "1722372527796", "node_type": "llm", "node_title": "LLM 6", "total_tokens": 389}, {"node_id": "1722372527796", "node_type": "llm", "node_title": "LLM 6", "total_tokens": 389}, {"node_id": "1722372527796", "node_type": "llm", "node_title": "LLM 6", "total_tokens": 389}, {"node_id": "1722372527796", "node_type": "llm", "node_title": "LLM 6", "total_tokens": 389}, {"node_id": "1721388402453", "node_type": "llm", "node_title": "Keywords from SERP", "total_tokens": 987}, {"node_id": "1722373199087", "node_type": "llm", "node_title": "Headingi", "total_tokens": 2353}, {"node_id": "1749475555565", "node_type": "llm", "node_title": "AI extraction", "total_tokens": 763}, {"node_id": "1718576445663", "node_type": "llm", "node_title": "LLM - budowa grafu informacji", "total_tokens": 4522}, {"node_id": "1749410327390", "node_type": "llm", "node_title": "Knowledge graph", "total_tokens": 16451}]}, 
 {"id":"ae223cb1-ee67-4241-8816-3b00a8cdd250","project_id":"56fd146e-4c5f-43eb-8990-aca405e42769","stage":2,"stage_name":"Generowanie nagłówków","status":"completed","error_message":null,"started_at":"2026-01-22T07:50:27.913394+00:00","completed_at":"2026-01-22T07:50:54.242+00:00","total_tokens":21803,"token_details":[{"node_id": "1718577624729", "node_type": "llm", "node_title": "Naglowki rozbudowane", "total_tokens": 7824}, {"node_id": "17214966319150", "node_type": "llm", "node_title": "Naglowki h2", "total_tokens": 6581}, {"node_id": "1721657467125", "node_type": "llm", "node_title": "Nagłówki jako pytania", "total_tokens": 7398}]}, 
 {"id":"d1057a9f-67ac-42eb-8303-bc7647a07323","project_id":"56fd146e-4c5f-43eb-8990-aca405e42769","stage":3,"stage_name":"Budowa RAG","status":"completed","error_message":null,"started_at":"2026-01-22T07:52:30.925181+00:00","completed_at":"2026-01-22T07:54:17.368+00:00","total_tokens":371173,"token_details":[{"node_id": "1723028732575", "node_type": "llm", "node_title": "Ekstrakcja brandów", "total_tokens": 6498}, {"node_id": "1723029663619", "node_type": "llm", "node_title": "Pytania dokladne", "total_tokens": 181723}, {"node_id": "1750950298285", "node_type": "llm", "node_title": "Pytania ogolne", "total_tokens": 182952}]}, 
 {"id":"f4c74eb6-be2c-48f0-a7ed-f5cb24ac9fc7","project_id":"56fd146e-4c5f-43eb-8990-aca405e42769","stage":4,"stage_name":"Tworzenie briefu","status":"completed","error_message":null,"started_at":"2026-01-22T07:56:45.104239+00:00","completed_at":"2026-01-22T07:57:13.993+00:00","total_tokens":7575,"token_details":[{"node_id": "1723118223405", "node_type": "llm", "node_title": "LLM", "total_tokens": 6160}, {"node_id": "1750974480597", "node_type": "llm", "node_title": "html", "total_tokens": 1415}]}, 
 {"id":"2d6630dd-6d2a-430c-825e-e91213670de5","project_id":"56fd146e-4c5f-43eb-8990-aca405e42769","stage":5,"stage_name":"Generowanie treści","status":"completed","error_message":null,"started_at":"2026-01-22T07:57:58.748104+00:00","completed_at":"2026-01-22T08:02:35.958+00:00","total_tokens":32536,"token_details":[{"node_id": "1723059672725", "node_type": "llm", "node_title": "[Sekcja 1] Generowanie", "total_tokens": 2260}, {"node_id": "1723121012659", "node_type": "llm", "node_title": "[Sekcja 1] Perplexity", "total_tokens": 1073}, {"node_id": "1723121137036", "node_type": "llm", "node_title": "[Sekcja 1] Humanizacja", "total_tokens": 1121}, {"node_id": "1723121255187", "node_type": "llm", "node_title": "[Sekcja 1] Formatowanie", "total_tokens": 1504}, {"node_id": "1723059672725", "node_type": "llm", "node_title": "[Sekcja 2] Generowanie", "total_tokens": 5249}, {"node_id": "17397922757130", "node_type": "llm", "node_title": "[Sekcja 2] Weryfikacja", "total_tokens": 3815}, {"node_id": "17429205878600", "node_type": "llm", "node_title": "[Sekcja 2] Perplexity (1)", "total_tokens": 1008}, {"node_id": "17429205961290", "node_type": "llm", "node_title": "[Sekcja 2] Humanizacja (1)", "total_tokens": 2278}, {"node_id": "17429206056130", "node_type": "llm", "node_title": "[Sekcja 2] Formatowanie (1)", "total_tokens": 1348}, {"node_id": "1723059672725", "node_type": "llm", "node_title": "[Sekcja 3] Generowanie", "total_tokens": 4725}, {"node_id": "17397922757130", "node_type": "llm", "node_title": "[Sekcja 3] Weryfikacja", "total_tokens": 4360}, {"node_id": "17429205878600", "node_type": "llm", "node_title": "[Sekcja 3] Perplexity (1)", "total_tokens": 777}, {"node_id": "17429205961290", "node_type": "llm", "node_title": "[Sekcja 3] Humanizacja (1)", "total_tokens": 1931}, {"node_id": "17429206056130", "node_type": "llm", "node_title": "[Sekcja 3] Formatowanie (1)", "total_tokens": 1087}]}, 
 {"id":"dec4836b-dda0-45d4-95ba-5270ebbb31b9","project_id":"b9209995-249b-49cf-a285-3ad82995a36d","stage":1,"stage_name":"Budowa wiedzy","status":"completed","error_message":null,"started_at":"2026-01-22T09:38:18.667261+00:00","completed_at":"2026-01-22T09:39:50.556+00:00","total_tokens":43361,"token_details":[{"node_id": "1721305316764", "node_type": "llm", "node_title": "Ekstrakcja brandow", "total_tokens": 628}, {"node_id": "1718573002611", "node_type": "llm", "node_title": "LLM 2", "total_tokens": 753}, {"node_id": "1718573002611", "node_type": "llm", "node_title": "LLM 2", "total_tokens": 752}, {"node_id": "1718573002611", "node_type": "llm", "node_title": "LLM 2", "total_tokens": 752}, {"node_id": "1718573002611", "node_type": "llm", "node_title": "LLM 2", "total_tokens": 754}, {"node_id": "1718573002611", "node_type": "llm", "node_title": "LLM 2", "total_tokens": 759}, {"node_id": "1718573002611", "node_type": "llm", "node_title": "LLM 2", "total_tokens": 751}, {"node_id": "1718573002611", "node_type": "llm", "node_title": "LLM 2", "total_tokens": 753}, {"node_id": "1718573002611", "node_type": "llm", "node_title": "LLM 2", "total_tokens": 752}, {"node_id": "1718573002611", "node_type": "llm", "node_title": "LLM 2", "total_tokens": 755}, {"node_id": "1718573002611", "node_type": "llm", "node_title": "LLM 2", "total_tokens": 753}, {"node_id": "1721387053950", "node_type": "llm", "node_title": "LLM 6", "total_tokens": 972}, {"node_id": "1721387053950", "node_type": "llm", "node_title": "LLM 6", "total_tokens": 972}, {"node_id": "1721387053950", "node_type": "llm", "node_title": "LLM 6", "total_tokens": 965}, {"node_id": "1721387053950", "node_type": "llm", "node_title": "LLM 6", "total_tokens": 969}, {"node_id": "1721387053950", "node_type": "llm", "node_title": "LLM 6", "total_tokens": 973}, {"node_id": "1721387053950", "node_type": "llm", "node_title": "LLM 6", "total_tokens": 987}, {"node_id": "1721387053950", "node_type": "llm", "node_title": "LLM 6", "total_tokens": 969}, {"node_id": "1721387053950", "node_type": "llm", "node_title": "LLM 6", "total_tokens": 972}, {"node_id": "1721387053950", "node_type": "llm", "node_title": "LLM 6", "total_tokens": 983}, {"node_id": "1721387053950", "node_type": "llm", "node_title": "LLM 6", "total_tokens": 968}, {"node_id": "1722372527796", "node_type": "llm", "node_title": "LLM 6", "total_tokens": 389}, {"node_id": "1722372527796", "node_type": "llm", "node_title": "LLM 6", "total_tokens": 389}, {"node_id": "1722372527796", "node_type": "llm", "node_title": "LLM 6", "total_tokens": 389}, {"node_id": "1722372527796", "node_type": "llm", "node_title": "LLM 6", "total_tokens": 389}, {"node_id": "1722372527796", "node_type": "llm", "node_title": "LLM 6", "total_tokens": 389}, {"node_id": "1722372527796", "node_type": "llm", "node_title": "LLM 6", "total_tokens": 389}, {"node_id": "1722372527796", "node_type": "llm", "node_title": "LLM 6", "total_tokens": 389}, {"node_id": "1722372527796", "node_type": "llm", "node_title": "LLM 6", "total_tokens": 389}, {"node_id": "1722372527796", "node_type": "llm", "node_title": "LLM 6", "total_tokens": 389}, {"node_id": "1722372527796", "node_type": "llm", "node_title": "LLM 6", "total_tokens": 389}, {"node_id": "1721388402453", "node_type": "llm", "node_title": "Keywords from SERP", "total_tokens": 1238}, {"node_id": "1722373199087", "node_type": "llm", "node_title": "Headingi", "total_tokens": 2264}, {"node_id": "1749475555565", "node_type": "llm", "node_title": "AI extraction", "total_tokens": 1362}, {"node_id": "1749410327390", "node_type": "llm", "node_title": "Knowledge graph", "total_tokens": 12122}, {"node_id": "1718576445663", "node_type": "llm", "node_title": "LLM - budowa grafu informacji", "total_tokens": 4593}]}, 
 {"id":"0b4dcb03-8650-4ab9-a023-d04b0a56669d","project_id":"b9209995-249b-49cf-a285-3ad82995a36d","stage":2,"stage_name":"Generowanie nagłówków","status":"completed","error_message":null,"started_at":"2026-01-22T09:42:33.534584+00:00","completed_at":"2026-01-22T09:42:57.553+00:00","total_tokens":18299,"token_details":[{"node_id": "1718577624729", "node_type": "llm", "node_title": "Naglowki rozbudowane", "total_tokens": 6428}, {"node_id": "17214966319150", "node_type": "llm", "node_title": "Naglowki h2", "total_tokens": 5636}, {"node_id": "1721657467125", "node_type": "llm", "node_title": "Nagłówki jako pytania", "total_tokens": 6235}]}, 
 {"id":"38e92499-3732-4605-928e-8510ca83ab69","project_id":"b9209995-249b-49cf-a285-3ad82995a36d","stage":3,"stage_name":"Budowa RAG","status":"completed","error_message":null,"started_at":"2026-01-22T09:44:16.013007+00:00","completed_at":"2026-01-22T09:45:24.896+00:00","total_tokens":385551,"token_details":[{"node_id": "1723028732575", "node_type": "llm", "node_title": "Ekstrakcja brandów", "total_tokens": 4653}, {"node_id": "1723029663619", "node_type": "llm", "node_title": "Pytania dokladne", "total_tokens": 190249}, {"node_id": "1750950298285", "node_type": "llm", "node_title": "Pytania ogolne", "total_tokens": 190649}]}, 
 {"id":"dd697dca-3e44-494b-bb04-61d853289d2b","project_id":"b9209995-249b-49cf-a285-3ad82995a36d","stage":4,"stage_name":"Tworzenie briefu","status":"completed","error_message":null,"started_at":"2026-01-22T09:47:33.65845+00:00","completed_at":"2026-01-22T09:48:06.533+00:00","total_tokens":6722,"token_details":[{"node_id": "1723118223405", "node_type": "llm", "node_title": "LLM", "total_tokens": 5048}, {"node_id": "1750974480597", "node_type": "llm", "node_title": "html", "total_tokens": 1674}]}, 
 {"id":"80f9b97c-8002-44f2-a93a-ef0db0e65819","project_id":"b9209995-249b-49cf-a285-3ad82995a36d","stage":5,"stage_name":"Generowanie treści","status":"completed","error_message":null,"started_at":"2026-01-22T09:48:36.380293+00:00","completed_at":"2026-01-22T09:53:16.865+00:00","total_tokens":34980,"token_details":[{"node_id": "1723059672725", "node_type": "llm", "node_title": "[Sekcja 1] Generowanie", "total_tokens": 2231}, {"node_id": "1723121012659", "node_type": "llm", "node_title": "[Sekcja 1] Perplexity", "total_tokens": 964}, {"node_id": "1723121137036", "node_type": "llm", "node_title": "[Sekcja 1] Humanizacja", "total_tokens": 948}, {"node_id": "1723121255187", "node_type": "llm", "node_title": "[Sekcja 1] Formatowanie", "total_tokens": 1291}, {"node_id": "1723059672725", "node_type": "llm", "node_title": "[Sekcja 2] Generowanie", "total_tokens": 4273}, {"node_id": "17397922757130", "node_type": "llm", "node_title": "[Sekcja 2] Weryfikacja", "total_tokens": 4799}, {"node_id": "17429205878600", "node_type": "llm", "node_title": "[Sekcja 2] Perplexity (1)", "total_tokens": 1163}, {"node_id": "17429205961290", "node_type": "llm", "node_title": "[Sekcja 2] Humanizacja (1)", "total_tokens": 2475}, {"node_id": "17429206056130", "node_type": "llm", "node_title": "[Sekcja 2] Formatowanie (1)", "total_tokens": 1397}, {"node_id": "1723059672725", "node_type": "llm", "node_title": "[Sekcja 3] Generowanie", "total_tokens": 5198}, {"node_id": "17397922757130", "node_type": "llm", "node_title": "[Sekcja 3] Weryfikacja", "total_tokens": 5399}, {"node_id": "17429205878600", "node_type": "llm", "node_title": "[Sekcja 3] Perplexity (1)", "total_tokens": 949}, {"node_id": "17429205961290", "node_type": "llm", "node_title": "[Sekcja 3] Humanizacja (1)", "total_tokens": 2550}, {"node_id": "17429206056130", "node_type": "llm", "node_title": "[Sekcja 3] Formatowanie (1)", "total_tokens": 1343}]}, 
 {"id":"8b6849c7-dae2-4257-8d86-65738bf2df29","project_id":"75fecf49-e70d-436a-a1a9-8b0284b0c371","stage":1,"stage_name":"Budowa wiedzy","status":"completed","error_message":null,"started_at":"2026-01-24T12:45:05.090634+00:00","completed_at":"2026-01-24T12:47:09.493+00:00","total_tokens":42351,"token_details":[{"node_id": "1721305316764", "node_type": "llm", "node_title": "Ekstrakcja brandow", "total_tokens": 407}, {"node_id": "1718573002611", "node_type": "llm", "node_title": "LLM 2", "total_tokens": 694}, {"node_id": "1718573002611", "node_type": "llm", "node_title": "LLM 2", "total_tokens": 699}, {"node_id": "1718573002611", "node_type": "llm", "node_title": "LLM 2", "total_tokens": 699}, {"node_id": "1718573002611", "node_type": "llm", "node_title": "LLM 2", "total_tokens": 697}, {"node_id": "1718573002611", "node_type": "llm", "node_title": "LLM 2", "total_tokens": 708}, {"node_id": "1718573002611", "node_type": "llm", "node_title": "LLM 2", "total_tokens": 699}, {"node_id": "1721387053950", "node_type": "llm", "node_title": "LLM 6", "total_tokens": 875}, {"node_id": "1721387053950", "node_type": "llm", "node_title": "LLM 6", "total_tokens": 875}, {"node_id": "1721387053950", "node_type": "llm", "node_title": "LLM 6", "total_tokens": 875}, {"node_id": "1721387053950", "node_type": "llm", "node_title": "LLM 6", "total_tokens": 875}, {"node_id": "1721387053950", "node_type": "llm", "node_title": "LLM 6", "total_tokens": 875}, {"node_id": "1721387053950", "node_type": "llm", "node_title": "LLM 6", "total_tokens": 875}, {"node_id": "1722372527796", "node_type": "llm", "node_title": "LLM 6", "total_tokens": 389}, {"node_id": "1722372527796", "node_type": "llm", "node_title": "LLM 6", "total_tokens": 389}, {"node_id": "1722372527796", "node_type": "llm", "node_title": "LLM 6", "total_tokens": 389}, {"node_id": "1722372527796", "node_type": "llm", "node_title": "LLM 6", "total_tokens": 389}, {"node_id": "1722372527796", "node_type": "llm", "node_title": "LLM 6", "total_tokens": 389}, {"node_id": "1722372527796", "node_type": "llm", "node_title": "LLM 6", "total_tokens": 389}, {"node_id": "1721388402453", "node_type": "llm", "node_title": "Keywords from SERP", "total_tokens": 577}, {"node_id": "1722373199087", "node_type": "llm", "node_title": "Headingi", "total_tokens": 6176}, {"node_id": "1749475555565", "node_type": "llm", "node_title": "AI extraction", "total_tokens": 661}, {"node_id": "1749410327390", "node_type": "llm", "node_title": "Knowledge graph", "total_tokens": 16914}, {"node_id": "1718576445663", "node_type": "llm", "node_title": "LLM - budowa grafu informacji", "total_tokens": 5836}]}]