[{"id":"e2625ff9-5885-4a38-ba72-d4ffd8373a3c","project_id":"abc3c137-1e50-42ed-b05b-d54a3b0b97ac","brief_json":null,"brief_html":"<h2>Brief: Dieta ketogeniczna</h2><p><strong>Temat:</strong> Dieta keto dla początkujących</p><p><strong>Cel:</strong> Edukacja czytelników o zasadach diety ketogenicznej</p><h3>Sekcje:</h3><ul><li>Wprowadzenie do ketozy</li><li>Lista produktów</li><li>Przykładowy jadłospis</li><li>Wskazówki praktyczne</li></ul>","created_at":"2026-01-19T12:37:33.571169+00:00"}, 
 {"id":"e254311b-2375-44e6-a760-d757aea749eb","project_id":"01d334cf-1c75-4aee-abce-822843609dd2","brief_json":[{"heading": "<h2>Czy Aperol jest zdrowy?</h2>", "keywords": "zdrowie, napój, alkohol, umiarkowane spożycie, umiarkowanie, zdrowe nawyki", "knowledge": "Aperol, jako napój alkoholowy, może mieć różny wpływ na zdrowie w zależności od ilości spożywanego alkoholu. Umiarkowane spożycie alkoholu, w tym Aperolu, może być częścią zdrowego stylu życia, ale nadmiar może prowadzić do negatywnych skutków zdrowotnych. Kluczowe jest zrozumienie, że zdrowie jest wynikiem wielu czynników, w tym diety i stylu życia."}, {"heading": "<h2>Jakie są składniki Aperolu?</h2>", "keywords": "składniki, napój", "knowledge": "Aperol składa się z różnych składników, w tym z gorzkich pomarańczy, ziół i korzeni. Te składniki nadają mu charakterystyczny smak i aromat. Zrozumienie składników jest istotne dla osób dbających o zdrowie, ponieważ niektóre z nich mogą wpływać na dietę."}, {"heading": "<h2>Jakie są kalorie w Aperolu?</h2>", "keywords": "kalorie, napój", "knowledge": "Aperol zawiera około 11% alkoholu i ma stosunkowo niską kaloryczność w porównaniu do innych napojów alkoholowych. Średnio, jedna porcja Aperolu (około 100 ml) ma około 80-100 kalorii. To czyni go atrakcyjnym wyborem dla osób monitorujących kalorie w swojej diecie."}, {"heading": "<h2>Jak Aperol wpływa na zdrowie?</h2>", "keywords": "wpływ na zdrowie, alkohol", "knowledge": "Aperol, jak każdy napój alkoholowy, może mieć zarówno pozytywne, jak i negatywne skutki zdrowotne. Umiarkowane spożycie może przyczynić się do relaksu i poprawy samopoczucia, ale nadmierne picie może prowadzić do problemów zdrowotnych, takich jak choroby wątroby czy problemy z sercem."}, {"heading": "<h2>Jak umiarkowane spożycie Aperolu wpływa na zdrowie?</h2>", "keywords": "umiarkowane spożycie, zdrowie, umiarkowanie", "knowledge": "Umiarkowane spożycie Aperolu może mieć korzystny wpływ na zdrowie, w tym poprawę nastroju i relaksację. Badania sugerują, że umiarkowane spożycie alkoholu może być związane z niższym ryzykiem niektórych chorób sercowo-naczyniowych. Jednak kluczowe jest, aby nie przekraczać zalecanych norm."}, {"heading": "<h2>Jakie są korzyści zdrowotne Aperolu?</h2>", "keywords": "korzyści zdrowotne, zdrowie", "knowledge": "Korzyści zdrowotne związane z Aperolem mogą obejmować poprawę nastroju oraz potencjalne korzyści dla układu sercowo-naczyniowego przy umiarkowanym spożyciu. Zawartość ziół i pomarańczy może również dostarczać pewnych antyoksydantów, które są korzystne dla zdrowia."}, {"heading": "<h2>Jakie dostrzega się zagrożenia związane z piciem Aperolu?</h2>", "keywords": "alkohol, zdrowie", "knowledge": "Zagrożenia związane z piciem Aperolu obejmują ryzyko uzależnienia od alkoholu oraz negatywne skutki zdrowotne wynikające z nadmiernego spożycia. Osoby z problemami zdrowotnymi, takimi jak choroby wątroby, powinny unikać alkoholu lub skonsultować się z lekarzem."}, {"heading": "<h2>Jak Aperol wpisuje się w zdrowe nawyki żywieniowe?</h2>", "keywords": "zdrowe nawyki, dieta", "knowledge": "Aperol może być spożywany w ramach zdrowych nawyków żywieniowych, o ile jest to robione z umiarem. Włączenie go do diety powinno być przemyślane i dostosowane do ogólnych celów zdrowotnych i dietetycznych danej osoby."}, {"heading": "<h2>Czy Aperol można stosować w diecie?</h2>", "keywords": "dieta, kalorie, alkohol", "knowledge": "Aperol może być stosowany w diecie, ale ważne jest, aby pamiętać o kaloriach i wpływie alkoholu na organizm. Osoby na diecie powinny monitorować spożycie alkoholu, aby uniknąć nadmiaru kalorii i potencjalnych negatywnych skutków zdrowotnych."}],"brief_html":"```html\n<html>\n<body>\n<h1>Streszczenie treści</h1>\n<h4>Czy aperol jest zdrowy?</h4>\n  <h2>Czy aperol jest zdrowy?</h2>\n  <p>Aperol, jako napój alkoholowy, może mieć różny wpływ na zdrowie w zależności od ilości spożywanego alkoholu. Umiarkowane spożycie alkoholu, w tym Aperolu, może być częścią zdrowego stylu życia, ale nadmiar może prowadzić do negatywnych skutków zdrowotnych. Kluczowe jest zrozumienie, że zdrowie jest wynikiem wielu czynników, w tym diety i stylu życia.</p>\n  <h2>Jakie są składniki aperolu?</h2>\n  <p>Aperol składa się z różnych składników, w tym z gorzkich pomarańczy, ziół i korzeni. Te składniki nadają mu charakterystyczny smak i aromat. Zrozumienie składników jest istotne dla osób dbających o zdrowie, ponieważ niektóre z nich mogą wpływać na dietę.</p>\n  <h2>Jakie są kalorie w aperolu?</h2>\n  <p>Aperol zawiera około 11% alkoholu i ma stosunkowo niską kaloryczność w porównaniu do innych napojów alkoholowych. Średnio, jedna porcja Aperolu (około 100 ml) ma około 80-100 kalorii. To czyni go atrakcyjnym wyborem dla osób monitorujących kalorie w swojej diecie.</p>\n  <h2>Jak aperol wpływa na zdrowie?</h2>\n  <p>Aperol, jak każdy napój alkoholowy, może mieć zarówno pozytywne, jak i negatywne skutki zdrowotne. Umiarkowane spożycie może przyczynić się do relaksu i poprawy samopoczucia, ale nadmierne picie może prowadzić do problemów zdrowotnych, takich jak choroby wątroby czy problemy z sercem.</p>\n  <h2>Jak umiarkowane spożycie aperolu wpływa na zdrowie?</h2>\n  <p>Umiarkowane spożycie Aperolu może mieć korzystny wpływ na zdrowie, w tym poprawę nastroju i relaksację. Badania sugerują, że umiarkowane spożycie alkoholu może być związane z niższym ryzykiem niektórych chorób sercowo-naczyniowych. Jednak kluczowe jest, aby nie przekraczać zalecanych norm.</p>\n  <h2>Jakie są korzyści zdrowotne aperolu?</h2>\n  <p>Korzyści zdrowotne związane z Aperolem mogą obejmować poprawę nastroju oraz potencjalne korzyści dla układu sercowo-naczyniowego przy umiarkowanym spożyciu. Zawartość ziół i pomarańczy może również dostarczać pewnych antyoksydantów, które są korzystne dla zdrowia.</p>\n  <h2>Jakie dostrzega się zagrożenia związane z piciem aperolu?</h2>\n  <p>Zagrożenia związane z piciem Aperolu obejmują ryzyko uzależnienia od alkoholu oraz negatywne skutki zdrowotne wynikające z nadmiernego spożycia. Osoby z problemami zdrowotnymi, takimi jak choroby wątroby, powinny unikać alkoholu lub skonsultować się z lekarzem.</p>\n  <h2>Jak aperol wpisuje się w zdrowe nawyki żywieniowe?</h2>\n  <p>Aperol może być spożywany w ramach zdrowych nawyków żywieniowych, o ile jest to robione z umiarem. Włączenie go do diety powinno być przemyślane i dostosowane do ogólnych celów zdrowotnych i dietetycznych danej osoby.</p>\n  <h2>Czy aperol można stosować w diecie?</h2>\n  <p>Aperol może być stosowany w diecie, ale ważne jest, aby pamiętać o kaloriach i wpływie alkoholu na organizm. Osoby na diecie powinny monitorować spożycie alkoholu, aby uniknąć nadmiaru kalorii i potencjalnych negatywnych skutków zdrowotnych.</p>\n</body>\n</html>\n```","created_at":"2026-01-20T22:20:06.97913+00:00"}, 
 {"id":"6f30d0fc-c169-4173-aff1-bf2fb3627f5d","project_id":"a8e2bb6d-45cc-46cf-93a1-d72870616800","brief_json":[{"heading": "<H2>Jak stymulować kwitnienie storczyka</H2>", "keywords": "storczyk, kwitnienie, sztuczka, jabłko, pielęgnacja roślin", "knowledge": "Aby stymulować kwitnienie storczyka, można zastosować różne metody, w tym sztuczkę z jabłkiem. Ta technika wykorzystuje etylen, gaz, który stymuluje zawiązywanie pąków kwiatowych. Właściwa pielęgnacja roślin, w tym odpowiednie nawadnianie i nawożenie, również wpływa na proces kwitnienia."}, {"heading": "<H3>Sztuczka z jabłkiem wspomagająca wypuszczanie pąków</H3>", "keywords": "sztuczka, jabłko, pąki, zakwitanie", "knowledge": "Sztuczka z jabłkiem polega na umieszczeniu jabłka w pobliżu storczyka, co powoduje wydzielanie etylenu. Etylen jest hormonem roślinnym, który stymuluje zawiązywanie pąków kwiatowych, co może pomóc storczykowi w wypuszczeniu nowych pąków. Ta metoda jest szczególnie skuteczna, gdy roślina przestaje kwitnąć."}, {"heading": "<H3>Dlaczego storczyk przestaje wypuszczać pąki?</H3>", "keywords": "storczyk, pąki, pielęgnacja roślin", "knowledge": "Storczyk może przestać wypuszczać pąki z różnych powodów, w tym niewłaściwej pielęgnacji, braku światła, lub nieodpowiednich warunków atmosferycznych. Często problemem jest również brak etylenu, który jest kluczowy dla stymulacji kwitnienia. Zastosowanie sztuczki z jabłkiem może pomóc w rozwiązaniu tego problemu."}, {"heading": "<H3>Rola etylenu w procesie kwitnienia storczyków</H3>", "keywords": "etylen, kwitnienie, storczyk", "knowledge": "Etylen odgrywa kluczową rolę w procesie kwitnienia storczyków. Jest to gaz, który stymuluje dojrzewanie i zawiązywanie pąków kwiatowych. W przypadku storczyków, etylen wpływa na ich zdolność do kwitnienia, a jego obecność może być zwiększona poprzez zastosowanie sztuczki z jabłkiem."}, {"heading": "<H2>Pielęgnacja storczyków</H2>", "keywords": "pielęgnacja roślin, storczyk", "knowledge": "Pielęgnacja storczyków obejmuje odpowiednie nawadnianie, nawożenie oraz zapewnienie im odpowiednich warunków świetlnych. Regularne sprawdzanie stanu rośliny i dostosowywanie warunków do jej potrzeb jest kluczowe dla zdrowego wzrostu i kwitnienia. Właściwa pielęgnacja może również zapobiec problemom z wypuszczaniem pąków."}, {"heading": "<h2>Jakie warunki są niezbędne do zakwitnięcia storczyka?</h2>", "keywords": "zakwitanie, storczyk", "knowledge": "Aby storczyk zakwitł, potrzebuje odpowiednich warunków, takich jak odpowiednia temperatura, wilgotność oraz dostęp do światła. Również składniki odżywcze w podłożu oraz regularne nawadnianie są kluczowe. Zastosowanie sztuczki z jabłkiem może dodatkowo wspierać proces zakwitania poprzez zwiększenie poziomu etylenu."}],"brief_html":"```html\n<html>\n<body>\n<h1>Krótki opis treści</h1>\n<h4>Storczyk od dawna nie wypuszcza pąków? Wypróbuj sztuczkę z jabłkiem, szybko zakwitnie</h4>\n\n<h2>Jak stymulować kwitnienie storczyka</h2>\n<p>Aby stymulować kwitnienie storczyka, można zastosować różne metody, w tym sztuczkę z jabłkiem. Ta technika wykorzystuje etylen, gaz, który stymuluje zawiązywanie pąków kwiatowych. Właściwa pielęgnacja roślin, w tym odpowiednie nawadnianie i nawożenie, również wpływa na proces kwitnienia.</p>\n<h2>Słowa kluczowe</h2>\n<ul>\n  <li>Storczyk</li>\n  <li>Kwitnienie</li>\n  <li>Sztuczka</li>\n  <li>Jabłko</li>\n  <li>Pielęgnacja roślin</li>\n</ul>\n\n<h2>Sztuczka z jabłkiem wspomagająca wypuszczanie pąków</h2>\n<p>Sztuczka z jabłkiem polega na umieszczeniu jabłka w pobliżu storczyka, co powoduje wydzielanie etylenu. Etylen jest hormonem roślinnym, który stymuluje zawiązywanie pąków kwiatowych, co może pomóc storczykowi w wypuszczeniu nowych pąków. Ta metoda jest szczególnie skuteczna, gdy roślina przestaje kwitnąć.</p>\n<h2>Słowa kluczowe</h2>\n<ul>\n  <li>Sztuczka</li>\n  <li>Jabłko</li>\n  <li>Pąki</li>\n  <li>Zakwitanie</li>\n</ul>\n\n<h2>Dlaczego storczyk przestaje wypuszczać pąki?</h2>\n<p>Storczyk może przestać wypuszczać pąki z różnych powodów, w tym niewłaściwej pielęgnacji, braku światła, lub nieodpowiednich warunków atmosferycznych. Często problemem jest również brak etylenu, który jest kluczowy dla stymulacji kwitnienia. Zastosowanie sztuczki z jabłkiem może pomóc w rozwiązaniu tego problemu.</p>\n<h2>Słowa kluczowe</h2>\n<ul>\n  <li>Storczyk</li>\n  <li>Pąki</li>\n  <li>Pielęgnacja roślin</li>\n</ul>\n\n<h2>Rola etylenu w procesie kwitnienia storczyków</h2>\n<p>Etylen odgrywa kluczową rolę w procesie kwitnienia storczyków. Jest to gaz, który stymuluje dojrzewanie i zawiązywanie pąków kwiatowych. W przypadku storczyków, etylen wpływa na ich zdolność do kwitnienia, a jego obecność może być zwiększona poprzez zastosowanie sztuczki z jabłkiem.</p>\n<h2>Słowa kluczowe</h2>\n<ul>\n  <li>Etylen</li>\n  <li>Kwitnienie</li>\n  <li>Storczyk</li>\n</ul>\n\n<h2>Pielęgnacja storczyków</h2>\n<p>Pielęgnacja storczyków obejmuje odpowiednie nawadnianie, nawożenie oraz zapewnienie im odpowiednich warunków świetlnych. Regularne sprawdzanie stanu rośliny i dostosowywanie warunków do jej potrzeb jest kluczowe dla zdrowego wzrostu i kwitnienia. Właściwa pielęgnacja może również zapobiec problemom z wypuszczaniem pąków.</p>\n<h2>Słowa kluczowe</h2>\n<ul>\n  <li>Pielęgnacja roślin</li>\n  <li>Storczyk</li>\n</ul>\n\n<h2>Jakie warunki są niezbędne do zakwitnięcia storczyka?</h2>\n<p>Aby storczyk zakwitł, potrzebuje odpowiednich warunków, takich jak odpowiednia temperatura, wilgotność oraz dostęp do światła. Również składniki odżywcze w podłożu oraz regularne nawadnianie są kluczowe. Zastosowanie sztuczki z jabłkiem może dodatkowo wspierać proces zakwitania poprzez zwiększenie poziomu etylenu.</p>\n<h2>Słowa kluczowe</h2>\n<ul>\n  <li>Zakwitanie</li>\n  <li>Storczyk</li>\n</ul>\n\n</body>\n</html>\n```","created_at":"2026-01-20T23:29:50.677329+00:00"}, 
 {"id":"80be1506-563b-40f1-9c6c-2e218eae8ad2","project_id":"312c01e2-a951-4cc8-a540-d7f7bad17248","brief_json":[{"heading": "<h2>Co to jest tanie masło?</h2>", "keywords": "tanie masło, produkty mleczne", "knowledge": "Tanie masło to produkt mleczny, który jest oferowany w przystępnej cenie, często dostępny w promocjach. Jest to masło, które można znaleźć w dużych sieciach handlowych, gdzie sklepy regularnie obniżają jego ceny, aby przyciągnąć klientów."}, {"heading": "<h2>Jakie są zalety taniego masła?</h2>", "keywords": "tanie masło, oszczędności", "knowledge": "Zalety taniego masła obejmują oszczędności przy zakupach, dostępność w różnych sieciach handlowych oraz możliwość korzystania z promocji. Tanie masło może być równie smaczne jak droższe odpowiedniki, co czyni je atrakcyjnym wyborem dla konsumentów."}, {"heading": "<h2>Gdzie można kupić tanie masło?</h2>", "keywords": "tanie masło, zakupy", "knowledge": "Tanie masło można kupić w popularnych sieciach handlowych, takich jak Biedronka, Lidl, Kaufland i Dino. Te sklepy często oferują masło w obniżonych cenach oraz różne promocje, co czyni je idealnymi miejscami na zakupy."}, {"heading": "<h3>Jakie są promocje na masło w Biedronce?</h3>", "keywords": "tanie masło, promocje", "knowledge": "Biedronka często oferuje tanie masło w promocjach, zwłaszcza przy zakupie większej ilości. Klienci mogą również skorzystać z kart lojalnościowych, co dodatkowo zwiększa oszczędności."}, {"heading": "<h3>Jakie są promocje na masło w Lidlu?</h3>", "keywords": "tanie masło, promocje", "knowledge": "Lidl jest znany z atrakcyjnych cen na tanie masło, a także z sezonowych promocji, które przyciągają klientów. Często można znaleźć oferty na masło przy zakupie większej ilości."}, {"heading": "<h3>Jakie są promocje na masło w Kauflandzie?</h3>", "keywords": "tanie masło, promocje", "knowledge": "Kaufland regularnie prowadzi promocje na tanie masło, oferując obniżone ceny przy zakupie większej ilości. To sprawia, że jest to korzystne miejsce dla osób szukających oszczędności."}, {"heading": "<h3>Jakie są promocje na masło w Dino?</h3>", "keywords": "tanie masło, promocje", "knowledge": "Dino ma oferty na tanie masło, zwłaszcza przy zakupie z kartą lojalnościową. Regularne promocje sprawiają, że klienci mogą zaoszczędzić na zakupach."}, {"heading": "<h2>Jakie są ceny taniego masła w różnych sieciach?</h2>", "keywords": "tanie masło, cena", "knowledge": "Ceny taniego masła różnią się w zależności od sieci handlowej. Biedronka, Lidl, Kaufland i Dino oferują konkurencyjne ceny, co sprawia, że klienci mogą wybierać najkorzystniejsze oferty."}, {"heading": "<h2>Jakie czynniki wpływają na ceny masła?</h2>", "keywords": "cena, promocje", "knowledge": "Ceny masła mogą być wpływane przez różne czynniki, takie jak sezonowość, dostępność surowców, a także promocje oferowane przez sieci handlowe. Warto obserwować oferty, aby uzyskać najlepsze ceny."}, {"heading": "<h2>Jak tanie masło można włączyć do zdrowej diety?</h2>", "keywords": "tanie masło", "knowledge": "Tanie masło można włączyć do zdrowej diety, stosując je w umiarkowanych ilościach. Może być używane do gotowania, pieczenia lub jako dodatek do potraw, co pozwala na oszczędności bez rezygnacji z jakości."}, {"heading": "<h2>Jakie są oszczędności przy zakupie taniego masła?</h2>", "keywords": "oszczędności, tanie masło", "knowledge": "Zakup taniego masła może przynieść znaczne oszczędności, zwłaszcza gdy korzysta się z promocji i ofert w sieciach handlowych. Regularne zakupy w takich miejscach mogą obniżyć wydatki na produkty mleczne."}, {"heading": "<h2>Jak tanie masło wypada w porównaniu do droższego masła?</h2>", "keywords": "tanie masło", "knowledge": "Tanie masło często oferuje podobne walory smakowe i jakościowe jak droższe odpowiedniki, co czyni je atrakcyjną alternatywą. Warto porównać skład i ceny, aby dokonać świadomego wyboru."}, {"heading": "<h2>Jakie są opinie na temat taniego masła?</h2>", "keywords": "tanie masło", "knowledge": "Opinie na temat taniego masła są zróżnicowane. Wiele osób docenia jego przystępną cenę i dostępność, podczas gdy inni mogą mieć obawy dotyczące jakości. Warto zwrócić uwagę na recenzje i porównania."}, {"heading": "<h2>Jakie inne produkty mleczne warto kupić w promocji?</h2>", "keywords": "produkty mleczne, promocje", "knowledge": "Oprócz taniego masła, warto zwrócić uwagę na inne produkty mleczne, takie jak jogurty, sery czy śmietany, które również często są dostępne w promocjach. Zakupy w sieciach handlowych mogą przynieść dodatkowe oszczędności."}],"brief_html":"\n\n<h1>tanie masło</h1>\n\n<h2>Co to jest tanie masło?</h2>\n<p>Tanie masło to produkt mleczny, który jest oferowany w przystępnej cenie, często dostępny w promocjach. Jest to masło, które można znaleźć w dużych sieciach handlowych, gdzie sklepy regularnie obniżają jego ceny, aby przyciągnąć klientów.</p>\n<h2>Jakie są zalety taniego masła?</h2>\n<p>Zalety taniego masła obejmują oszczędności przy zakupach, dostępność w różnych sieciach handlowych oraz możliwość korzystania z promocji. Tanie masło może być równie smaczne jak droższe odpowiedniki, co czyni je atrakcyjnym wyborem dla konsumentów.</p>\n<h2>Gdzie można kupić tanie masło?</h2>\n<p>Tanie masło można kupić w popularnych sieciach handlowych, takich jak Biedronka, Lidl, Kaufland i Dino. Te sklepy często oferują masło w obniżonych cenach oraz różne promocje, co czyni je idealnymi miejscami na zakupy.</p>\n<h3>Jakie są promocje na masło w Biedronce?</h3>\n<p>Biedronka często oferuje tanie masło w promocjach, zwłaszcza przy zakupie większej ilości. Klienci mogą również skorzystać z kart lojalnościowych, co dodatkowo zwiększa oszczędności.</p>\n<h3>Jakie są promocje na masło w Lidlu?</h3>\n<p>Lidl jest znany z atrakcyjnych cen na tanie masło, a także z sezonowych promocji, które przyciągają klientów. Często można znaleźć oferty na masło przy zakupie większej ilości.</p>\n<h3>Jakie są promocje na masło w Kauflandzie?</h3>\n<p>Kaufland regularnie prowadzi promocje na tanie masło, oferując obniżone ceny przy zakupie większej ilości. To sprawia, że jest to korzystne miejsce dla osób szukających oszczędności.</p>\n<h3>Jakie są promocje na masło w Dino?</h3>\n<p>Dino ma oferty na tanie masło, zwłaszcza przy zakupie z kartą lojalnościową. Regularne promocje sprawiają, że klienci mogą zaoszczędzić na zakupach.</p>\n<h2>Jakie są ceny taniego masła w różnych sieciach?</h2>\n<p>Ceny taniego masła różnią się w zależności od sieci handlowej. Biedronka, Lidl, Kaufland i Dino oferują konkurencyjne ceny, co sprawia, że klienci mogą wybierać najkorzystniejsze oferty.</p>\n<h2>Jakie czynniki wpływają na ceny masła?</h2>\n<p>Ceny masła mogą być wpływane przez różne czynniki, takie jak sezonowość, dostępność surowców, a także promocje oferowane przez sieci handlowe. Warto obserwować oferty, aby uzyskać najlepsze ceny.</p>\n<h2>Jak tanie masło można włączyć do zdrowej diety?</h2>\n<p>Tanie masło można włączyć do zdrowej diety, stosując je w umiarkowanych ilościach. Może być używane do gotowania, pieczenia lub jako dodatek do potraw, co pozwala na oszczędności bez rezygnacji z jakości.</p>\n<h2>Jakie są oszczędności przy zakupie taniego masła?</h2>\n<p>Zakup taniego masła może przynieść znaczne oszczędności, zwłaszcza gdy korzysta się z promocji i ofert w sieciach handlowych. Regularne zakupy w takich miejscach mogą obniżyć wydatki na produkty mleczne.</p>\n<h2>Jak tanie masło wypada w porównaniu do droższego masła?</h2>\n<p>Tanie masło często oferuje podobne walory smakowe i jakościowe jak droższe odpowiedniki, co czyni je atrakcyjną alternatywą. Warto porównać skład i ceny, aby dokonać świadomego wyboru.</p>\n<h2>Jakie są opinie na temat taniego masła?</h2>\n<p>Opinie na temat taniego masła są zróżnicowane. Wiele osób docenia jego przystępną cenę i dostępność, podczas gdy inni mogą mieć obawy dotyczące jakości. Warto zwrócić uwagę na recenzje i porównania.</p>\n<h2>Jakie inne produkty mleczne warto kupić w promocji?</h2>\n<p>Oprócz taniego masła, warto zwrócić uwagę na inne produkty mleczne, takie jak jogurty, sery czy śmietany, które również często są dostępne w promocjach. Zakupy w sieciach handlowych mogą przynieść dodatkowe oszczędności.</p>\n","created_at":"2026-01-20T22:08:20.7256+00:00"}, 
 {"id":"46ca395a-fade-4374-a6c6-1b27eb3e0965","project_id":"5698d70f-3a02-4d45-8202-5257ef531920","brief_json":[{"heading": "<H2>Storczyk od dawna nie wypuszcza pąków - Przyczyny i Rozwiązania</H2>", "keywords": "storczyk, pąki, kwitnienie, pielęgnacja, nawożenie, wilgotność, światło, warunki wzrostu", "knowledge": "Storczyk, znany również jako orchidea, jest popularną rośliną ozdobną, która może czasami przestać wypuszczać pąki. Przyczyny tego zjawiska mogą obejmować niewłaściwe warunki wzrostu, takie jak zbyt mała wilgotność, niedostateczne światło lub niewłaściwe nawożenie. Aby rozwiązać te problemy, należy dostosować pielęgnację storczyka, zapewniając mu odpowiednią wilgotność i dostęp do światła, a także stosując odpowiednie nawozy. Regularne monitorowanie tych czynników pomoże w przywróceniu zdrowego wzrostu i kwitnienia."}, {"heading": "<H3>Warunki Wzrostu Storczyka</H3>", "keywords": "storczyk, wilgotność, światło, warunki wzrostu", "knowledge": "Storczyki rosną głównie w tropikach i często występują jako epifity, co oznacza, że rosną na innych roślinach. Kluczowe warunki wzrostu dla storczyków obejmują odpowiednią wilgotność, światło oraz temperaturę. Wilgotność powinna być utrzymywana na poziomie 50-70%, a storczyki preferują jasne, ale rozproszone światło. Należy unikać bezpośredniego nasłonecznienia, które może prowadzić do poparzeń liści. Odpowiednie warunki wzrostu są kluczowe dla zdrowia rośliny i jej zdolności do kwitnienia."}, {"heading": "<H3>Czynniki Wpływające na Kiepskie Kwitnienie</H3>", "keywords": "kwitnienie, pielęgnacja, nawożenie, warunki wzrostu", "knowledge": "Kiepskie kwitnienie storczyków może być spowodowane wieloma czynnikami, w tym niewłaściwą pielęgnacją, brakiem odpowiednich warunków wzrostu oraz nieodpowiednim nawożeniem. Zbyt mała ilość światła, zbyt niska wilgotność lub zbyt rzadkie nawożenie mogą prowadzić do braku pąków. Ważne jest, aby zrozumieć potrzeby konkretnego gatunku storczyka, ponieważ różne gatunki mogą mieć różne wymagania dotyczące pielęgnacji i warunków wzrostu."}, {"heading": "<h2>Czy wszystkie gatunki storczyków kwitną w ten sam sposób?</h2>", "keywords": "gatunki storczyków, kwitnienie", "knowledge": "Nie wszystkie gatunki storczyków kwitną w ten sam sposób. Różne gatunki mogą mieć różne cykle kwitnienia oraz wymagania dotyczące pielęgnacji. Na przykład, niektóre gatunki mogą wymagać dłuższego okresu spoczynku przed kwitnieniem, podczas gdy inne mogą kwitnąć przez cały rok. Zrozumienie specyficznych potrzeb danego gatunku jest kluczowe dla skutecznej uprawy storczyków i zapewnienia ich zdrowego kwitnienia."}, {"heading": "<h2>Jakie są różne gatunki storczyków i ich wymagania?</h2>", "keywords": "gatunki storczyków, pielęgnacja", "knowledge": "Gatunki storczyków różnią się pod względem wymagań dotyczących pielęgnacji, wilgotności, światła i nawożenia. W Polsce występują różne gatunki storczyków, z których wiele jest chronionych. Niektóre z nich, jak storczyk waniliowy, mają zastosowanie przemysłowe. Właściwe zrozumienie różnorodności gatunków storczyków oraz ich specyficznych potrzeb jest kluczowe dla ich skutecznej uprawy i pielęgnacji."}],"brief_html":"```html\n<html>\n<body>\n<h1>Raport</h1>\n<h4>Storczyk od dawna nie wypuszcza pąków?</h4>\n  <h2>Heading</h2>\n  <p>Storczyk od dawna nie wypuszcza pąków - Przyczyny i Rozwiązania</p>\n  <h2>Knowledge</h2>\n  <p>Storczyk, znany również jako orchidea, jest popularną rośliną ozdobną, która może czasami przestać wypuszczać pąki. Przyczyny tego zjawiska mogą obejmować niewłaściwe warunki wzrostu, takie jak zbyt mała wilgotność, niedostateczne światło lub niewłaściwe nawożenie. Aby rozwiązać te problemy, należy dostosować pielęgnację storczyka, zapewniając mu odpowiednią wilgotność i dostęp do światła, a także stosując odpowiednie nawozy. Regularne monitorowanie tych czynników pomoże w przywróceniu zdrowego wzrostu i kwitnienia.</p>\n  <h2>Keywords</h2>\n  <ul>\n    <li>Storczyk</li>\n    <li>Pąki</li>\n    <li>Kwitnienie</li>\n    <li>Pielęgnacja</li>\n    <li>Nawożenie</li>\n    <li>Wilgotność</li>\n    <li>Światło</li>\n    <li>Warunki wzrostu</li>\n  </ul>\n  \n  <h2>Heading</h2>\n  <p>Warunki Wzrostu Storczyka</p>\n  <h2>Knowledge</h2>\n  <p>Storczyki rosną głównie w tropikach i często występują jako epifity, co oznacza, że rosną na innych roślinach. Kluczowe warunki wzrostu dla storczyków obejmują odpowiednią wilgotność, światło oraz temperaturę. Wilgotność powinna być utrzymywana na poziomie 50-70%, a storczyki preferują jasne, ale rozproszone światło. Należy unikać bezpośredniego nasłonecznienia, które może prowadzić do poparzeń liści. Odpowiednie warunki wzrostu są kluczowe dla zdrowia rośliny i jej zdolności do kwitnienia.</p>\n  <h2>Keywords</h2>\n  <ul>\n    <li>Storczyk</li>\n    <li>Wilgotność</li>\n    <li>Światło</li>\n    <li>Warunki wzrostu</li>\n  </ul>\n\n  <h2>Heading</h2>\n  <p>Czynniki Wpływające na Kiepskie Kwitnienie</p>\n  <h2>Knowledge</h2>\n  <p>Kiepskie kwitnienie storczyków może być spowodowane wieloma czynnikami, w tym niewłaściwą pielęgnacją, brakiem odpowiednich warunków wzrostu oraz nieodpowiednim nawożeniem. Zbyt mała ilość światła, zbyt niska wilgotność lub zbyt rzadkie nawożenie mogą prowadzić do braku pąków. Ważne jest, aby zrozumieć potrzeby konkretnego gatunku storczyka, ponieważ różne gatunki mogą mieć różne wymagania dotyczące pielęgnacji i warunków wzrostu.</p>\n  <h2>Keywords</h2>\n  <ul>\n    <li>Kwitnienie</li>\n    <li>Pielęgnacja</li>\n    <li>Nawożenie</li>\n    <li>Warunki wzrostu</li>\n  </ul>\n\n  <h2>Heading</h2>\n  <p>Czy wszystkie gatunki storczyków kwitną w ten sam sposób?</p>\n  <h2>Knowledge</h2>\n  <p>Nie wszystkie gatunki storczyków kwitną w ten sam sposób. Różne gatunki mogą mieć różne cykle kwitnienia oraz wymagania dotyczące pielęgnacji. Na przykład, niektóre gatunki mogą wymagać dłuższego okresu spoczynku przed kwitnieniem, podczas gdy inne mogą kwitnąć przez cały rok. Zrozumienie specyficznych potrzeb danego gatunku jest kluczowe dla skutecznej uprawy storczyków i zapewnienia ich zdrowego kwitnienia.</p>\n  <h2>Keywords</h2>\n  <ul>\n    <li>Gatunki storczyków</li>\n    <li>Kwitnienie</li>\n  </ul>\n\n  <h2>Heading</h2>\n  <p>Jakie są różne gatunki storczyków i ich wymagania?</p>\n  <h2>Knowledge</h2>\n  <p>Gatunki storczyków różnią się pod względem wymagań dotyczących pielęgnacji, wilgotności, światła i nawożenia. W Polsce występują różne gatunki storczyków, z których wiele jest chronionych. Niektóre z nich, jak storczyk waniliowy, mają zastosowanie przemysłowe. Właściwe zrozumienie różnorodności gatunków storczyków oraz ich specyficznych potrzeb jest kluczowe dla ich skutecznej uprawy i pielęgnacji.</p>\n  <h2>Keywords</h2>\n  <ul>\n    <li>Gatunki storczyków</li>\n    <li>Pielęgnacja</li>\n  </ul>\n</body>\n</html>\n```","created_at":"2026-01-20T23:43:47.720627+00:00"}, 
 {"id":"2f0a403a-3f86-40d7-8dc3-dfc6aea74de1","project_id":"5da2c3ea-bd7f-4b7a-aeeb-167d104bc278","brief_json":[{"heading": "<h2>Jakie rodzaje kawy są najlepsze na śniadanie?</h2>", "keywords": "kawa, śniadanie, wybór kawy, rodzaje kawy, smak kawy, kawa ziarnista, kawa z robustą, kawa z arabiką", "knowledge": "Na śniadanie najlepiej wybierać kawy, które podkreślają smak posiłku i dostarczają energii. Warto zwrócić uwagę na świeżo mieloną kawę ziarnistą, która zapewnia najlepszy smak. Kawa z robustą jest intensywna i pobudzająca, natomiast kawa z arabiką charakteryzuje się łagodniejszym smakiem, co czyni ją idealnym wyborem na poranek."}, {"heading": "<h3>Kawa ziarnista na śniadanie</h3>", "keywords": "kawa ziarnista, smak kawy, aromat kawy", "knowledge": "Kawa ziarnista, szczególnie świeżo mielona, jest rekomendowana na śniadanie, ponieważ jej smak i aromat są znacznie lepsze niż w przypadku kawy mielonej. Parzenie kawy ziarnistej pozwala na wydobycie pełni smaku, co czyni ją idealnym wyborem na początek dnia."}, {"heading": "<h3>Kawa z robustą na śniadanie</h3>", "keywords": "kawa z robustą, kofeina, kawa mielona", "knowledge": "Kawa z robustą to intensywna mieszanka, która pobudza i dostarcza energii. Jest polecana na śniadanie, zwłaszcza w połączeniu z lekkimi posiłkami, co pozwala zrównoważyć jej mocny smak. Parzenie jej ze świeżo mielonych ziaren podkreśla jej walory."}, {"heading": "<h3>Kawa z arabiką na śniadanie</h3>", "keywords": "kawa z arabiką, smak kawy, lekkie posiłki", "knowledge": "Kawa z arabiką jest idealnym wyborem na śniadanie ze względu na swój delikatny smak. Można ją parzyć różnymi metodami, co wpływa na jej aromat i smak. Dobrze komponuje się z lekkimi posiłkami, takimi jak owsianka czy jajecznica."}, {"heading": "<H2>Jak parzyć kawę, aby uzyskać najlepszy smak?</H2>", "keywords": "parzenie, kawa parzona, kawa mielona, metoda parzenia kawy", "knowledge": "Aby uzyskać najlepszy smak kawy, ważne jest, aby wybrać odpowiednią metodę parzenia. Metody takie jak dripper czy ekspres do kawy pozwalają na uzyskanie różnych profili smakowych. Kluczowe jest również użycie świeżo mielonych ziaren, co znacząco wpływa na aromat i smak napoju."}, {"heading": "<H3>Jakie są popularne metody parzenia kawy?</H3>", "keywords": "metoda parzenia kawy, ekspres do kawy, dripper", "knowledge": "Do popularnych metod parzenia kawy należy parzenie w ekspresie oraz przy użyciu drippera. Ekspres do kawy umożliwia przygotowanie różnych rodzajów kawy, natomiast dripper pozwala na uzyskanie delikatnego smaku, co jest szczególnie cenione przez miłośników kawy."}, {"heading": "<H3>Jak używać ekspresu do kawy?</H3>", "keywords": "ekspres do kawy, kawa z ekspresu, espresso, latte, cappuccino", "knowledge": "Ekspres do kawy to urządzenie, które ułatwia parzenie kawy. Można go używać do przygotowania różnych rodzajów kawy, w tym espresso, latte czy cappuccino. Ważne jest, aby stosować świeżo mielone ziarna kawy, co znacząco wpływa na jakość napoju."}, {"heading": "<H2>Jakie lekkie posiłki najlepiej komponują się z kawą?</H2>", "keywords": "lekkie posiłki, śniadanie", "knowledge": "Lekkie posiłki, takie jak owsianka, jajecznica czy tosty, doskonale komponują się z kawą. Ich delikatny smak uzupełnia aromat kawy, co sprawia, że są idealnym wyborem na śniadanie. Pamiętaj, aby pić kawę z lekkim posiłkiem, aby w pełni cieszyć się jej smakiem."}, {"heading": "<H3>Co zjeść na śniadanie z kawą?</H3>", "keywords": "śniadanie, lekkie posiłki, kawa", "knowledge": "Na śniadanie z kawą najlepiej zjeść lekkie posiłki, takie jak owsianka, jogurt czy jajecznica. Te potrawy dobrze komponują się z różnymi rodzajami kawy, podkreślając ich smak i aromat. Warto pamiętać, że kawa najlepiej smakuje w towarzystwie lekkiego posiłku."}],"brief_html":"```html\n<html>\n<body>\n<h1>Raport o kawie na śniadanie</h1>\n<h4>Jaką kawę wybrać na śniadanie ?</h4>\n  <h2>Jakie rodzaje kawy są najlepsze na śniadanie?</h2>\n  <p>Na śniadanie najlepiej wybierać kawy, które podkreślają smak posiłku i dostarczają energii. Warto zwrócić uwagę na świeżo mieloną kawę ziarnistą, która zapewnia najlepszy smak. Kawa z robustą jest intensywna i pobudzająca, natomiast kawa z arabiką charakteryzuje się łagodniejszym smakiem, co czyni ją idealnym wyborem na poranek.</p>\n  <h2>Jak parzyć kawę, aby uzyskać najlepszy smak?</h2>\n  <p>Aby uzyskać najlepszy smak kawy, ważne jest, aby wybrać odpowiednią metodę parzenia. Metody takie jak dripper czy ekspres do kawy pozwalają na uzyskanie różnych profili smakowych. Kluczowe jest również użycie świeżo mielonych ziaren, co znacząco wpływa na aromat i smak napoju.</p>\n  <h2>Jakie lekkie posiłki najlepiej komponują się z kawą?</h2>\n  <p>Lekkie posiłki, takie jak owsianka, jajecznica czy tosty, doskonale komponują się z kawą. Ich delikatny smak uzupełnia aromat kawy, co sprawia, że są idealnym wyborem na śniadanie. Pamiętaj, aby pić kawę z lekkim posiłkiem, aby w pełni cieszyć się jej smakiem.</p>\n  <h2>Kawa ziarnista na śniadanie</h2>\n  <p>Kawa ziarnista, szczególnie świeżo mielona, jest rekomendowana na śniadanie, ponieważ jej smak i aromat są znacznie lepsze niż w przypadku kawy mielonej. Parzenie kawy ziarnistej pozwala na wydobycie pełni smaku, co czyni ją idealnym wyborem na początek dnia.</p>\n  <h2>Kawa z robustą na śniadanie</h2>\n  <p>Kawa z robustą to intensywna mieszanka, która pobudza i dostarcza energii. Jest polecana na śniadanie, zwłaszcza w połączeniu z lekkimi posiłkami, co pozwala zrównoważyć jej mocny smak. Parzenie jej ze świeżo mielonych ziaren podkreśla jej walory.</p>\n  <h2>Kawa z arabiką na śniadanie</h2>\n  <p>Kawa z arabiką jest idealnym wyborem na śniadanie ze względu na swój delikatny smak. Można ją parzyć różnymi metodami, co wpływa na jej aromat i smak. Dobrze komponuje się z lekkimi posiłkami, takimi jak owsianka czy jajecznica.</p>\n  <h2>Jakie są popularne metody parzenia kawy?</h2>\n  <p>Do popularnych metod parzenia kawy należy parzenie w ekspresie oraz przy użyciu drippera. Ekspres do kawy umożliwia przygotowanie różnych rodzajów kawy, natomiast dripper pozwala na uzyskanie delikatnego smaku, co jest szczególnie cenione przez miłośników kawy.</p>\n  <h2>Jak używać ekspresu do kawy?</h2>\n  <p>Ekspres do kawy to urządzenie, które ułatwia parzenie kawy. Można go używać do przygotowania różnych rodzajów kawy, w tym espresso, latte czy cappuccino. Ważne jest, aby stosować świeżo mielone ziarna kawy, co znacząco wpływa na jakość napoju.</p>\n  <h2>Co zjeść na śniadanie z kawą?</h2>\n  <p>Na śniadanie z kawą najlepiej zjeść lekkie posiłki, takie jak owsianka, jogurt czy jajecznica. Te potrawy dobrze komponują się z różnymi rodzajami kawy, podkreślając ich smak i aromat. Warto pamiętać, że kawa najlepiej smakuje w towarzystwie lekkiego posiłku.</p>\n</body>\n</html>\n```","created_at":"2026-01-21T09:09:21.117031+00:00"}, 
 {"id":"7213173d-0553-49da-98ce-66922f995f02","project_id":"d981eb17-5c07-45a6-9322-501fbf951956","brief_json":[{"heading": "<h2>Jakie warunki są potrzebne do wzrostu tulipanów?</h2>", "keywords": "tulipany, stanowisko słoneczne, gleba, wilgotność, temperatura, odmiany", "knowledge": "Tulipany wymagają odpowiednich warunków do wzrostu, w tym stanowiska słonecznego, odpowiedniej gleby oraz kontroli wilgotności. Preferują glebę dobrze przepuszczalną, bogatą w składniki odżywcze, co sprzyja ich zdrowemu wzrostowi. Temperatura otoczenia powinna być umiarkowana, aby wspierać rozwój cebulek. Właściwe podlewanie jest kluczowe, aby uniknąć przelania, które może prowadzić do chorób. Warto również zwrócić uwagę na odmiany tulipanów, które mogą mieć różne wymagania dotyczące pielęgnacji."}, {"heading": "<h2>Jak dbać o tulipany?</h2>", "keywords": "pielęgnacja, podlewanie, nawożenie, choroby, kwitnienie", "knowledge": "Pielęgnacja tulipanów obejmuje kilka kluczowych czynności, które pomagają przedłużyć ich trwałość w wazonie. Należy przycinać końcówki łodyg pod kątem prostym lub lekko ukośnym o około 1–2 cm przed umieszczeniem ich w wodzie. Ważne jest również usuwanie dolnych liści, które mogą być zanurzone w wodzie, aby zapobiec gniciu. Regularne nawożenie oraz odpowiednie podlewanie są istotne dla ich zdrowia. Tulipany powinny być również chronione przed chorobami, które mogą wpływać na ich kwitnienie."}, {"heading": "<h3>Jaką glebę lubią tulipany?</h3>", "keywords": "gleba, cebulki, wilgotność", "knowledge": "Tulipany preferują glebę dobrze przepuszczalną, co jest kluczowe dla ich zdrowego wzrostu. Gleba powinna być bogata w składniki odżywcze, co wspiera rozwój cebulek. Dobrze jest unikać gleb zbyt ciężkich, które mogą zatrzymywać wodę, co prowadzi do chorób. Odpowiednia wilgotność gleby jest również istotna, aby zapewnić tulipanom optymalne warunki do wzrostu."}],"brief_html":"```html\n<html>\n<body>\n<h1>Krótki opis treści</h1>\n<h4>tulipany, stanowisko słoneczne, gleba, wilgotność, temperatura, odmiany</h4>\n  <h2>Jakie warunki są potrzebne do wzrostu tulipanów?</h2>\n  <p>Tulipany wymagają odpowiednich warunków do wzrostu, w tym stanowiska słonecznego, odpowiedniej gleby oraz kontroli wilgotności. Preferują glebę dobrze przepuszczalną, bogatą w składniki odżywcze, co sprzyja ich zdrowemu wzrostowi. Temperatura otoczenia powinna być umiarkowana, aby wspierać rozwój cebulek. Właściwe podlewanie jest kluczowe, aby uniknąć przelania, które może prowadzić do chorób. Warto również zwrócić uwagę na odmiany tulipanów, które mogą mieć różne wymagania dotyczące pielęgnacji.</p>\n  <h2>Jak dbać o tulipany?</h2>\n  <p>Pielęgnacja tulipanów obejmuje kilka kluczowych czynności, które pomagają przedłużyć ich trwałość w wazonie. Należy przycinać końcówki łodyg pod kątem prostym lub lekko ukośnym o około 1–2 cm przed umieszczeniem ich w wodzie. Ważne jest również usuwanie dolnych liści, które mogą być zanurzone w wodzie, aby zapobiec gniciu. Regularne nawożenie oraz odpowiednie podlewanie są istotne dla ich zdrowia. Tulipany powinny być również chronione przed chorobami, które mogą wpływać na ich kwitnienie.</p>\n  <h2>Jaką glebę lubią tulipany?</h2>\n  <p>Tulipany preferują glebę dobrze przepuszczalną, co jest kluczowe dla ich zdrowego wzrostu. Gleba powinna być bogata w składniki odżywcze, co wspiera rozwój cebulek. Dobrze jest unikać gleb zbyt ciężkich, które mogą zatrzymywać wodę, co prowadzi do chorób. Odpowiednia wilgotność gleby jest również istotna, aby zapewnić tulipanom optymalne warunki do wzrostu.</p>\n  <h2>Kluczowe słowa</h2>\n  <ul>\n    <li>Pielęgnacja</li>\n    <li>Podlewanie</li>\n    <li>Nawożenie</li>\n    <li>Choroby</li>\n    <li>Kwitnienie</li>\n  </ul>\n</body>\n</html>\n```","created_at":"2026-01-21T10:23:44.615679+00:00"}, 
 {"id":"9dca4042-5355-4713-a16f-c1cdbee30e16","project_id":"b9e23177-2ff3-4d54-b99b-bcae1824efad","brief_json":[{"heading": "<H2>Najpopularniejsze Hity z Action</H2>", "keywords": "hity, zakupy, rekomendacje, oceny, gatunki, rozrywka", "knowledge": "Sieć Action oferuje różnorodne produkty w atrakcyjnych cenach, a wśród nich znajdują się najpopularniejsze hity, które przyciągają klientów. Hity te są często rekomendowane przez użytkowników, co wpływa na ich oceny i popularność. Wybór hitów obejmuje różne gatunki produktów, od dekoracji po akcesoria do gier, co czyni zakupy w Action interesującym doświadczeniem."}, {"heading": "<H3>Lista Top 6 Hitów z Action</H3>", "keywords": "lista, hity, oceny, rekomendacje, filmy, gry", "knowledge": "Lista Top 6 hitów z Action obejmuje najnowsze i najbardziej popularne produkty, które są dostępne w sieci. Te rekomendacje są oparte na ocenach klientów oraz aktualnych trendach zakupowych. Hity te mogą obejmować różnorodne kategorie, w tym filmy, gry oraz inne produkty rozrywkowe, co czyni je idealnym wyborem dla każdego klienta."}, {"heading": "<h2>Czy Top 6 hitów z Action obejmuje dekoracje sezonowe?</h2>", "keywords": "hity, dekoracje, sezonowe, zakupy, nowości", "knowledge": "Tak, Top 6 hitów z Action może obejmować dekoracje sezonowe, które są wprowadzane w odpowiedzi na zmieniające się potrzeby klientów. Nowości w Action, w tym dekoracje wiosenne, są często częścią tej listy, co sprawia, że zakupy stają się bardziej atrakcyjne. Sezonowe produkty są idealne dla osób, które chcą odświeżyć swoje otoczenie w danym okresie."}],"brief_html":"```html\n<html>\n<body>\n<h1>Top 6 hitów z Action. Lepiej zobaczyć to przed zakupami</h1>\n  <h2>Najpopularniejsze hity z Action</h2>\n  <p>Sieć Action oferuje różnorodne produkty w atrakcyjnych cenach, a wśród nich znajdują się najpopularniejsze hity, które przyciągają klientów. Hity te są często rekomendowane przez użytkowników, co wpływa na ich oceny i popularność. Wybór hitów obejmuje różne gatunki produktów, od dekoracji po akcesoria do gier, co czyni zakupy w Action interesującym doświadczeniem.</p>\n  <h2>Lista top 6 hitów z Action</h2>\n  <p>Lista Top 6 hitów z Action obejmuje najnowsze i najbardziej popularne produkty, które są dostępne w sieci. Te rekomendacje są oparte na ocenach klientów oraz aktualnych trendach zakupowych. Hity te mogą obejmować różnorodne kategorie, w tym filmy, gry oraz inne produkty rozrywkowe, co czyni je idealnym wyborem dla każdego klienta.</p>\n  <h2>Czy top 6 hitów z Action obejmuje dekoracje sezonowe?</h2>\n  <p>Tak, Top 6 hitów z Action może obejmować dekoracje sezonowe, które są wprowadzane w odpowiedzi na zmieniające się potrzeby klientów. Nowości w Action, w tym dekoracje wiosenne, są często częścią tej listy, co sprawia, że zakupy stają się bardziej atrakcyjne. Sezonowe produkty są idealne dla osób, które chcą odświeżyć swoje otoczenie w danym okresie.</p>\n</body>\n</html>\n```","created_at":"2026-01-21T10:50:15.042068+00:00"}, 
 {"id":"96fda652-15ff-425b-b2dc-46130d57daaa","project_id":"3937abb5-b63e-4339-a3d7-6f1d73440323","brief_json":null,"brief_html":"```html\n<html>\n<body>\n<h1>Raport zawartości</h1>\n<h4>Czy kawa jest zdrowa?</h4>\n  <h2>Czy kawa jest zdrowa?</h2>\n  <p>Kawa, spożywana w umiarkowanych ilościach, jest uznawana za zdrową i może przynosić liczne korzyści dla organizmu. Kluczowym czynnikiem decydującym o jej prozdrowotnych właściwościach jest umiarkowanie, które pozwala czerpać korzyści bez skutków ubocznych. Wartość zdrowotną kawy mogą jednak niwelować wysokokaloryczne dodatki, takie jak cukier czy śmietanka, które osłabiają jej pozytywne działanie. Odpowiedź na pytanie o zdrowotność kawy staje się negatywna w przypadku jej nadmiernego spożycia.</p>\n  <h2>Słowa kluczowe</h2>\n  <ul>\n    <li>Kawa</li>\n    <li>Zdrowie</li>\n    <li>Picie kawy</li>\n    <li>Dieta</li>\n    <li>Wpływ na zdrowie</li>\n    <li>Właściwości zdrowotne</li>\n  </ul>\n  \n  <h2>Jak kawa wpływa na układ nerwowy i koncentrację?</h2>\n  <p>Jedną z głównych korzyści picia kawy jest jej pozytywny wpływ na funkcje mózgu. Kofeina oddziałuje na neuroprzekaźniki, co prowadzi do poprawy koncentracji i funkcji poznawczych. Jest to efekt neurologiczny, który pomaga w skupieniu uwagi. Należy jednak pamiętać, że nadmiar kofeiny może prowadzić do negatywnych reakcji ze strony układu nerwowego, takich jak rozdrażnienie, niepokój czy bezsenność.</p>\n  <h2>Słowa kluczowe</h2>\n  <ul>\n    <li>Kofeina</li>\n  </ul>\n  \n  <h2>Ile kawy można pić dziennie?</h2>\n  <p>Za umiarkowane i bezpieczne dla zdrowia spożycie kawy uznaje się zazwyczaj od 2 do 4 filiżanek dziennie. Kluczowe jest nieprzekraczanie maksymalnej dziennej dawki kofeiny, która dla większości dorosłych osób wynosi 400 mg. Spożycie kawy powyżej tych norm jest uznawane za nadmierne i może prowadzić do wystąpienia negatywnych skutków ubocznych.</p>\n  <h2>Słowa kluczowe</h2>\n  <ul>\n    <li>Substancje odżywcze</li>\n  </ul>\n  \n  <h2>Jakie korzyści zdrowotne przynosi picie kawy?</h2>\n  <p>Regularne picie kawy wiąże się z licznymi korzyściami zdrowotnymi. Kawa jest bogatym źródłem antyoksydantów, które chronią komórki organizmu. Może przyczyniać się do przyspieszenia metabolizmu oraz poprawy krążenia. Badania wskazują, że umiarkowane spożycie kawy może obniżać ryzyko wystąpienia niektórych chorób przewlekłych, takich jak cukrzyca typu 2, choroby wątroby oraz choroby neurodegeneracyjne, w tym choroba Parkinsona i Alzheimera.</p>\n  <h2>Słowa kluczowe</h2>\n  <ul>\n    <li>Korzyści zdrowotne</li>\n    <li>Antyoksydanty</li>\n    <li>Metabolizm</li>\n    <li>Ryzyko chorób</li>\n  </ul>\n</body>\n</html>\n```","created_at":"2026-01-21T11:32:12.712945+00:00"}, 
 {"id":"d56c31e1-bf7b-4311-b9ae-3c9607b7dd66","project_id":"b9f58ca4-d979-4b0e-a390-d6fcf7ab0cf6","brief_json":[{"heading": "<H2>Wpływ Spożycia Kawy na Zdrowie Serca</H2>", "keywords": "kawa, serce, zdrowie serca, układ krążenia, badania, dieta, cholesterol", "knowledge": "Relacja między spożyciem kawy a zdrowiem serca jest złożona. Umiarkowane picie kawy, definiowane jako 2-4 filiżanki dziennie, jest zazwyczaj nie tylko bezpieczne dla zdrowych osób, ale może nawet wykazywać działanie ochronne na serce i cały układ sercowo-naczyniowy. Badania wskazują, że kawa może zmniejszać ryzyko chorób układu krążenia. Kofeina, jako główny składnik aktywny kawy, oddziałuje na pracę serca, a jej wpływ jest zależny od dawki oraz indywidualnych uwarunkowań organizmu."}, {"heading": "<H3>Ryzyko a Dawkowanie Kawy</H3>", "keywords": "ryzyko, kofeina, choroby serca", "knowledge": "Kluczowym czynnikiem określającym wpływ kawy na serce jest dawka. Umiarkowane spożycie (2-4 filiżanki) wiąże się z potencjalnymi korzyściami i redukcją ryzyka chorób serca. Natomiast nadmiar kawy, czyli spożywanie 5 lub więcej filiżanek dziennie, może być problematyczne i prowadzić do negatywnych skutków. Istotna jest również indywidualna wrażliwość na kofeinę, która u niektórych osób może powodować niepożądane reakcje nawet przy mniejszych dawkach, zwiększając ryzyko problemów kardiologicznych."}, {"heading": "<H2>Kawa a Nadciśnienie Tętnicze</H2>", "keywords": "ciśnienie krwi, nadciśnienie", "knowledge": "Osoby z istniejącymi problemami kardiologicznymi, takimi jak nadciśnienie, powinny zachować szczególną ostrożność. Kofeina zawarta w kawie może tymczasowo podnosić ciśnienie krwi. Z tego względu, w przypadku osób z nadciśnieniem lub innymi chorobami serca, decyzja o włączeniu kawy do diety powinna być skonsultowana z lekarzem. Nadciśnienie jest traktowane jako względne przeciwwskazanie, wymagające indywidualnej oceny medycznej."}],"brief_html":"```html\n<html>\n<body>\n<h1>Krótki opis treści</h1>\n<h4>Czy kawa szkodzi sercu?</h4>\n  <h2>Wpływ spożycia kawy na zdrowie serca</h2>\n  <p>Relacja między spożyciem kawy a zdrowiem serca jest złożona. Umiarkowane picie kawy, definiowane jako 2-4 filiżanki dziennie, jest zazwyczaj nie tylko bezpieczne dla zdrowych osób, ale może nawet wykazywać działanie ochronne na serce i cały układ sercowo-naczyniowy. Badania wskazują, że kawa może zmniejszać ryzyko chorób układu krążenia. Kofeina, jako główny składnik aktywny kawy, oddziałuje na pracę serca, a jej wpływ jest zależny od dawki oraz indywidualnych uwarunkowań organizmu.</p>\n  <h2>Słowa kluczowe</h2>\n  <ul>\n    <li>Kawa</li>\n    <li>Serce</li>\n    <li>Zdrowie serca</li>\n    <li>Układ krążenia</li>\n    <li>Badania</li>\n    <li>Dieta</li>\n    <li>Cholesterol</li>\n  </ul>\n  <h2>Ryzyko a dawkowanie kawy</h2>\n  <p>Kluczowym czynnikiem określającym wpływ kawy na serce jest dawka. Umiarkowane spożycie (2-4 filiżanki) wiąże się z potencjalnymi korzyściami i redukcją ryzyka chorób serca. Natomiast nadmiar kawy, czyli spożywanie 5 lub więcej filiżanek dziennie, może być problematyczne i prowadzić do negatywnych skutków. Istotna jest również indywidualna wrażliwość na kofeinę, która u niektórych osób może powodować niepożądane reakcje nawet przy mniejszych dawkach, zwiększając ryzyko problemów kardiologicznych.</p>\n  <h2>Słowa kluczowe</h2>\n  <ul>\n    <li>Ryzyko</li>\n    <li>Kofeina</li>\n    <li>Choroby serca</li>\n  </ul>\n  <h2>Kawa a nadciśnienie tętnicze</h2>\n  <p>Osoby z istniejącymi problemami kardiologicznymi, takimi jak nadciśnienie, powinny zachować szczególną ostrożność. Kofeina zawarta w kawie może tymczasowo podnosić ciśnienie krwi. Z tego względu, w przypadku osób z nadciśnieniem lub innymi chorobami serca, decyzja o włączeniu kawy do diety powinna być skonsultowana z lekarzem. Nadciśnienie jest traktowane jako względne przeciwwskazanie, wymagające indywidualnej oceny medycznej.</p>\n  <h2>Słowa kluczowe</h2>\n  <ul>\n    <li>Ciśnienie krwi</li>\n    <li>Nadciśnienie</li>\n  </ul>\n</body>\n</html>\n```","created_at":"2026-01-21T11:59:25.83959+00:00"}, 
 {"id":"98bcc963-4973-40d0-8ebe-d778765c3013","project_id":"85e63246-f0b9-49e5-810e-596ee224f8d9","brief_json":[{"heading": "<H2>Różnice między Kawą Rozpuszczalną a Naturalną</H2>", "keywords": "rozpuszczalna, naturalna, kawa rozpuszczalna, kawa naturalna, smak, aromat, przygotowanie, proces parzenia, jakość, wybór, skład, preferencje", "knowledge": "Podstawowa różnica między kawą rozpuszczalną a naturalną leży w procesie przygotowania, składzie i właściwościach. Kawa naturalna, uznawana za bardziej tradycyjną, charakteryzuje się wyższą zawartością kofeiny, co przekłada się na mocniejsze działanie pobudzające. Z kolei kawa rozpuszczalna jest łagodniejsza w smaku i wygodniejsza oraz szybsza w przygotowaniu. Wybór zależy od indywidualnych preferencji smakowych, priorytetów (np. czas vs. tradycyjny rytuał parzenia) oraz reakcji organizmu na poszczególne składniki. Różnią się one także profilem składników – kawa rozpuszczalna zawiera mniej cholesterolu, ale więcej szczawianów."}, {"heading": "<h2>Kawa rozpuszczalna czy naturalna - którą wybrać przy problemach z nerkami?</h2>", "keywords": "kawa rozpuszczalna, kawa naturalna, wybór, skład", "knowledge": "W kontekście problemów z nerkami kluczową kwestią jest zawartość szczawianów. Kawa rozpuszczalna zawiera znacznie więcej szczawianów niż kawa naturalna. Związki te mogą obciążać nerki, dlatego osoby cierpiące na schorzenia nerek powinny zachować ostrożność. Wybór kawy naturalnej może być w tym przypadku bezpieczniejszą opcją, jednak każda decyzja dotycząca diety przy problemach zdrowotnych powinna być skonsultowana z lekarzem."}, {"heading": "<h2>Jakie są właściwości zdrowotne kawy rozpuszczalnej i naturalnej?</h2>", "keywords": "kawa rozpuszczalna, kawa naturalna, skład", "knowledge": "Oba rodzaje kawy mają swoje prozdrowotne właściwości, głównie dzięki zawartości antyoksydantów, które chronią komórki organizmu. Kawa naturalna, z wyższą zawartością kofeiny, silniej pobudza. Natomiast kawa rozpuszczalna jest łagodniejsza i zawiera mniej cholesterolu. Z drugiej strony, kawa rozpuszczalna ma wyższą zawartość szczawianów, co może być niekorzystne dla osób z chorobami nerek. Aspekt zdrowotny wyboru zależy więc od indywidualnych potrzeb i stanu zdrowia organizmu."}, {"heading": "<h3>Jak zawartość kofeiny różni się między kawą rozpuszczalną a naturalną?</h3>", "keywords": "kawa rozpuszczalna, kawa naturalna", "knowledge": "Kawa naturalna charakteryzuje się wyższą zawartością kofeiny, co jest główną przyczyną jej silniejszych właściwości pobudzających. Kawa rozpuszczalna jest pod tym względem łagodniejsza i dostarcza mniejszą dawkę tej substancji psychoaktywnej. Różnica w profilu kofeiny sprawia, że kawa naturalna jest często wybierana przez osoby potrzebujące mocniejszego efektu stymulującego, podczas gdy wersja rozpuszczalna jest odpowiednia dla tych, którzy preferują łagodniejsze działanie."}, {"heading": "<h3>Jakie antyoksydanty znajdują się w kawie rozpuszczalnej i naturalnej?</h3>", "keywords": "kawa rozpuszczalna, kawa naturalna", "knowledge": "Zarówno kawa naturalna, jak i rozpuszczalna są dobrym źródłem antyoksydantów (przeciwutleniaczy). Mimo że proces przetwarzania kawy rozpuszczalnej jest bardziej złożony, zachowuje ona te cenne, prozdrowotne związki. Antyoksydanty zawarte w obu typach kawy pomagają chronić komórki organizmu przed szkodliwym działaniem wolnych rodników. Profil składników i konkretnych przeciwutleniaczy może się jednak nieznacznie różnić między tymi dwoma rodzajami napoju."}],"brief_html":"```html\n<html>\n<body>\n<h1>Kawa rozpuszczalna czy naturalna ?</h1>\n<h2>Różnice między kawą rozpuszczalną a naturalną</h2>\n<p>Podstawowa różnica między kawą rozpuszczalną a naturalną leży w procesie przygotowania, składzie i właściwościach. Kawa naturalna, uznawana za bardziej tradycyjną, charakteryzuje się wyższą zawartością kofeiny, co przekłada się na mocniejsze działanie pobudzające. Z kolei kawa rozpuszczalna jest łagodniejsza w smaku i wygodniejsza oraz szybsza w przygotowaniu. Wybór zależy od indywidualnych preferencji smakowych, priorytetów (np. czas vs. tradycyjny rytuał parzenia) oraz reakcji organizmu na poszczególne składniki. Różnią się one także profilem składników – kawa rozpuszczalna zawiera mniej cholesterolu, ale więcej szczawianów.</p>\n<h2>Kawa rozpuszczalna czy naturalna - którą wybrać przy problemach z nerkami?</h2>\n<p>W kontekście problemów z nerkami kluczową kwestią jest zawartość szczawianów. Kawa rozpuszczalna zawiera znacznie więcej szczawianów niż kawa naturalna. Związki te mogą obciążać nerki, dlatego osoby cierpiące na schorzenia nerek powinny zachować ostrożność. Wybór kawy naturalnej może być w tym przypadku bezpieczniejszą opcją, jednak każda decyzja dotycząca diety przy problemach zdrowotnych powinna być skonsultowana z lekarzem.</p>\n<h2>Jakie są właściwości zdrowotne kawy rozpuszczalnej i naturalnej?</h2>\n<p>Oba rodzaje kawy mają swoje prozdrowotne właściwości, głównie dzięki zawartości antyoksydantów, które chronią komórki organizmu. Kawa naturalna, z wyższą zawartością kofeiny, silniej pobudza. Natomiast kawa rozpuszczalna jest łagodniejsza i zawiera mniej cholesterolu. Z drugiej strony, kawa rozpuszczalna ma wyższą zawartość szczawianów, co może być niekorzystne dla osób z chorobami nerek. Aspekt zdrowotny wyboru zależy więc od indywidualnych potrzeb i stanu zdrowia organizmu.</p>\n<h2>Jak zawartość kofeiny różni się między kawą rozpuszczalną a naturalną?</h2>\n<p>Kawa naturalna charakteryzuje się wyższą zawartością kofeiny, co jest główną przyczyną jej silniejszych właściwości pobudzających. Kawa rozpuszczalna jest pod tym względem łagodniejsza i dostarcza mniejszą dawkę tej substancji psychoaktywnej. Różnica w profilu kofeiny sprawia, że kawa naturalna jest często wybierana przez osoby potrzebujące mocniejszego efektu stymulującego, podczas gdy wersja rozpuszczalna jest odpowiednia dla tych, którzy preferują łagodniejsze działanie.</p>\n<h2>Jakie antyoksydanty znajdują się w kawie rozpuszczalnej i naturalnej?</h2>\n<p>Zarówno kawa naturalna, jak i rozpuszczalna są dobrym źródłem antyoksydantów (przeciwutleniaczy). Mimo że proces przetwarzania kawy rozpuszczalnej jest bardziej złożony, zachowuje ona te cenne, prozdrowotne związki. Antyoksydanty zawarte w obu typach kawy pomagają chronić komórki organizmu przed szkodliwym działaniem wolnych rodników. Profil składników i konkretnych przeciwutleniaczy może się jednak nieznacznie różnić między tymi dwoma rodzajami napoju.</p>\n</body>\n</html>\n```","created_at":"2026-01-21T13:14:12.16897+00:00"}, 
 {"id":"40c649fc-85b9-410d-9eff-dfdd4ff9e2c5","project_id":"2ad04526-fb39-4611-88e5-d0001dcabdca","brief_json":[{"heading": "<H2>Dlaczego Kawa Drożeje?</H2>", "keywords": "kawa, drożenie, ceny, rynek, inflacja, popyt, podaż, koszty produkcji, handel", "knowledge": "Wzrost cen kawy jest złożonym zjawiskiem, określanym jako \"idealna burza na rynku\", wynikającym z jednoczesnego nałożenia się kilku czynników. Do kluczowych należą rosnące koszty produkcji i transportu (droższa energia, nawozy), zwiększony globalny popyt oraz spekulacje na rynkach giełdowych. Problemy te wpływają na cały rynek, obejmując zarówno kawę przemysłową, jak i segment specialty, co w konsekwencji obciąża portfele konsumentów poprzez wyższe ceny detaliczne."}, {"heading": "<h2>Wpływ zmian klimatycznych na ceny kawy</h2>", "keywords": "zmiany klimatyczne, zbiory", "knowledge": "Czynniki klimatyczne są jedną z głównych przyczyn wzrostu cen kawy. Niekorzystne warunki pogodowe, takie jak długotrwałe susze w kluczowych regionach producenckich, jak Brazylia i Wietnam, prowadzą do znacząco mniejszych zbiorów. Redukcja ilości dostępnego surowca na rynku powoduje spadek podaży, co przy stałym lub rosnącym popycie bezpośrednio przekłada się na wzrost cen giełdowych ziarna."}, {"heading": "<h3>Susze w Brazylii i ich skutki dla rynku kawy</h3>", "keywords": "", "knowledge": "Brazylia jest kluczowym producentem kawy na świecie, dlatego ekstremalne zjawiska pogodowe w tym kraju mają globalne konsekwencje. Ekstremalny brak opadów prowadzi do drastycznego spadku plonów, co powoduje redukcję ilości dostępnego ziarna na światowych rynkach. Mniejsze zbiory w Brazylii bezpośrednio przyczyniają się do wzrostu cen surowca z powodu niedoboru podaży, co odczuwalne jest na całym rynku kawy."}],"brief_html":"```html\n<html>\n  <body>\n    <h1>Dlaczego kawa drożeje?</h1>\n    <h4>kawa, drożenie, ceny, rynek, inflacja, popyt, podaż, koszty produkcji, handel</h4>\n    <h2>Heading</h2>\n    <p>Dlaczego Kawa Drożeje?</p>\n    <h2>Wiedza</h2>\n    <p>Wzrost cen kawy jest złożonym zjawiskiem, określanym jako \"idealna burza na rynku\", wynikającym z jednoczesnego nałożenia się kilku czynników. Do kluczowych należą rosnące koszty produkcji i transportu (droższa energia, nawozy), zwiększony globalny popyt oraz spekulacje na rynkach giełdowych. Problemy te wpływają na cały rynek, obejmując zarówno kawę przemysłową, jak i segment specialty, co w konsekwencji obciąża portfele konsumentów poprzez wyższe ceny detaliczne.</p>\n    <h2>Heading</h2>\n    <p>Wpływ zmian klimatycznych na ceny kawy</p>\n    <h2>Wiedza</h2>\n    <p>Czynniki klimatyczne są jedną z głównych przyczyn wzrostu cen kawy. Niekorzystne warunki pogodowe, takie jak długotrwałe susze w kluczowych regionach producenckich, jak Brazylia i Wietnam, prowadzą do znacząco mniejszych zbiorów. Redukcja ilości dostępnego surowca na rynku powoduje spadek podaży, co przy stałym lub rosnącym popycie bezpośrednio przekłada się na wzrost cen giełdowych ziarna.</p>\n    <h2>Heading</h2>\n    <p>Susze w Brazylii i ich skutki dla rynku kawy</p>\n    <h2>Wiedza</h2>\n    <p>Brazylia jest kluczowym producentem kawy na świecie, dlatego ekstremalne zjawiska pogodowe w tym kraju mają globalne konsekwencje. Ekstremalny brak opadów prowadzi do drastycznego spadku plonów, co powoduje redukcję ilości dostępnego ziarna na światowych rynkach. Mniejsze zbiory w Brazylii bezpośrednio przyczyniają się do wzrostu cen surowca z powodu niedoboru podaży, co odczuwalne jest na całym rynku kawy.</p>\n    <h2>Heading</h2>\n    <p>Brak klucza dotyczącego słów kluczowych</p>\n  </body>\n</html>\n```","created_at":"2026-01-21T20:52:21.362965+00:00"}, 
 {"id":"0ba77b37-a722-4bd7-9f08-1add64401dda","project_id":"8c8592e1-fdde-4dc0-893e-1c58c0f791e4","brief_json":[{"heading": "<H2>Czy Klocki Lego to Moda czy Pasja?</H2>", "keywords": "klocki, moda, pasja, kreatywność, zabawa, kolekcjonowanie, budowanie, rozwój, edukacja, hobby, projektowanie, konstrukcje, dzieci", "knowledge": "Centralnym zagadnieniem jest ewolucja klocków LEGO z zabawki dla dzieci w zjawisko kulturowe o wielu wymiarach. Dla dorosłych fanów (AFOL) jest to głęboka pasja, wyrażana poprzez tworzenie autorskich konstrukcji (MOC), kolekcjonowanie i uczestnictwo w społecznościach (LUGs jak LUGPol). Budowanie jest formą treningu uważności (mindfulness) i często napędzane jest nostalgią. Z drugiej strony, LEGO stało się elementem mody dzięki głośnym współpracom z markami jak Adidas (sneakersy ZX 8000) i Levi's, które wykorzystują innowacyjne, elastyczne płytki do personalizacji odzieży. To wyjście poza tradycyjną odzież dziecięcą LEGO Wear. Ponadto, klocki wkraczają do sfery stylu życia jako element wystroju wnętrz (LEGO Home Decor), z seriami takimi jak LEGO Art, LEGO Botanical Collection czy LEGO Architecture, skierowanymi do dorosłych odbiorców (kategoria 18+). Klocki to także forma inwestycji alternatywnej, a platforma BrickLink jest kluczowym rynkiem wtórnym. Programy jak LEGO Masters popularyzują kreatywne budowanie jako hobby."}],"brief_html":"```html\n<html>\n<body>\n<h1>Krótki opis treści</h1>\n<h4>Klocki Lego, moda czy pasja?</h4>\n  <h2>Czy Klocki Lego to Moda czy Pasja?</h2>\n  <p>Centralnym zagadnieniem jest ewolucja klocków LEGO z zabawki dla dzieci w zjawisko kulturowe o wielu wymiarach. Dla dorosłych fanów (AFOL) jest to głęboka pasja, wyrażana poprzez tworzenie autorskich konstrukcji (MOC), kolekcjonowanie i uczestnictwo w społecznościach (LUGs jak LUGPol). Budowanie jest formą treningu uważności (mindfulness) i często napędzane jest nostalgią. Z drugiej strony, LEGO stało się elementem mody dzięki głośnym współpracom z markami jak Adidas (sneakersy ZX 8000) i Levi's, które wykorzystują innowacyjne, elastyczne płytki do personalizacji odzieży. To wyjście poza tradycyjną odzież dziecięcą LEGO Wear. Ponadto, klocki wkraczają do sfery stylu życia jako element wystroju wnętrz (LEGO Home Decor), z seriami takimi jak LEGO Art, LEGO Botanical Collection czy LEGO Architecture, skierowanymi do dorosłych odbiorców (kategoria 18+). Klocki to także forma inwestycji alternatywnej, a platforma BrickLink jest kluczowym rynkiem wtórnym. Programy jak LEGO Masters popularyzują kreatywne budowanie jako hobby.</p>\n  <h2>Słowa Kluczowe</h2>\n  <ul>\n    <li>Klocki</li>\n    <li>Moda</li>\n    <li>Pasja</li>\n    <li>Kreatywność</li>\n    <li>Zabawa</li>\n    <li>Kolekcjonowanie</li>\n    <li>Budowanie</li>\n    <li>Rozwój</li>\n    <li>Edukacja</li>\n    <li>Hobby</li>\n    <li>Projektowanie</li>\n    <li>Konstrukcje</li>\n    <li>Dzieci</li>\n  </ul>\n</body>\n</html>\n```","created_at":"2026-01-21T21:24:14.457802+00:00"}, 
 {"id":"8c1b3256-23b5-4b87-a22e-d1615914278b","project_id":"60df708d-453f-4609-88d6-9415a47c25f2","brief_json":[{"heading": "<H2>Co Kupić w Biedronce dla Babci?</H2>", "keywords": "zakupy, produkty, prezenty, codzienne potrzeby, artykuły spożywcze, artykuły gospodarstwa domowego", "knowledge": "W styczniu 2026 roku Biedronka przygotowała szeroką ofertę prezentową z okazji Dnia Babci. Obejmuje ona zarówno upominki okolicznościowe, jak i praktyczne produkty codziennego użytku dostępne w promocyjnych cenach. W asortymencie można znaleźć różnorodne artykuły, od elektroniki użytkowej (budzik z projektorem, radio bezprzewodowe), przez sprzęt wspierający zdrowie (ciśnieniomierz, mata masująca), po tekstylia domowe (szlafrok, kapcie) i akcesoria hobbystyczne (zestawy do szycia). Oferta odpowiada na potrzeby seniorek, łącząc funkcjonalność z estetyką."}, {"heading": "<H3>Kwiaty Cięte i Rośliny Doniczkowe</H3>", "keywords": "akcesoria", "knowledge": "Biedronka oferuje bogaty wybór roślin doniczkowych, które są trwalszą alternatywą dla kwiatów ciętych. Wśród propozycji znajdują się eleganckie i popularne storczyki dwupędowe, anturium w doniczce o trwałych kwiatach, a także egzotyczna bromelia w ozdobnej ceramice, stanowiąca gotowy prezent. Dostępne są również klasyczne róże w doniczce oraz nowoczesne kompozycje, jak cymbidium w szklanej kuli. To popularne i efektowne rośliny o długim okresie kwitnienia, idealne do dekoracji wnętrz."}, {"heading": "<H3>Słodycze, Czekoladki i Bombonierki</H3>", "keywords": "żywność, napoje, przekąski, herbaty, słodycze", "knowledge": "Oferta słodkich upominków w Biedronce obejmuje zarówno tradycyjne, jak i markowe produkty premium. Dostępne są kultowe Ptasie Mleczko E.Wedel, klasyczne czekoladki Merci idealne na podziękowanie, a także eleganckie bombonierki, jak Baryłki z nadzieniem alkoholowym. W ofercie promocyjnej często pojawiają się znane praliny Raffaello i Ferrero Rocher. Taki asortyment pozwala na wybór słodkiego podarunku dopasowanego do gustu każdej babci."}, {"heading": "<H2>Gotowe Kosze Prezentowe w Ofercie Biedronki</H2>", "keywords": "zdrowa żywność, kosmetyki, suplementy diety, pielęgnacja", "knowledge": "Biedronka oferuje gotowe zestawy kosmetyczne popularnych marek, takich jak Nivea i Dove, które są estetycznie zapakowane i gotowe do wręczenia. Można również skomponować własny kosz prezentowy, łącząc produkty z różnych kategorii. Przykładowo, zestaw typu „domowe SPA” może zawierać szlafrok i kosmetyki pielęgnacyjne. Z kolei dla babci dbającej o zdrowie idealny będzie zestaw składający się z ciśnieniomierza z funkcją głosową oraz suplementu diety wspierającego serce, jak syrop Vitaliss Plus Cardio."}],"brief_html":"```html\n<html>\n<body>\n<h1>Co można kupić w Biedronce dla Babci ?</h1>\n<h2>Co kupić w biedronce dla babci?</h2>\n<p>W styczniu 2026 roku Biedronka przygotowała szeroką ofertę prezentową z okazji Dnia Babci. Obejmuje ona zarówno upominki okolicznościowe, jak i praktyczne produkty codziennego użytku dostępne w promocyjnych cenach. W asortymencie można znaleźć różnorodne artykuły, od elektroniki użytkowej (budzik z projektorem, radio bezprzewodowe), przez sprzęt wspierający zdrowie (ciśnieniomierz, mata masująca), po tekstylia domowe (szlafrok, kapcie) i akcesoria hobbystyczne (zestawy do szycia). Oferta odpowiada na potrzeby seniorek, łącząc funkcjonalność z estetyką.</p>\n<h2>Słowa kluczowe</h2>\n<p>zakupy, produkty, prezenty, codzienne potrzeby, artykuły spożywcze, artykuły gospodarstwa domowego</p>\n<h2>Kwiaty cięte i rośliny doniczkowe</h2>\n<p>Biedronka oferuje bogaty wybór roślin doniczkowych, które są trwalszą alternatywą dla kwiatów ciętych. Wśród propozycji znajdują się eleganckie i popularne storczyki dwupędowe, anturium w doniczce o trwałych kwiatach, a także egzotyczna bromelia w ozdobnej ceramice, stanowiąca gotowy prezent. Dostępne są również klasyczne róże w doniczce oraz nowoczesne kompozycje, jak cymbidium w szklanej kuli. To popularne i efektowne rośliny o długim okresie kwitnienia, idealne do dekoracji wnętrz.</p>\n<h2>Słowa kluczowe</h2>\n<p>akcesoria</p>\n<h2>Słodycze, czekoladki i bombonierki</h2>\n<p>Oferta słodkich upominków w Biedronce obejmuje zarówno tradycyjne, jak i markowe produkty premium. Dostępne są kultowe Ptasie Mleczko E.Wedel, klasyczne czekoladki Merci idealne na podziękowanie, a także eleganckie bombonierki, jak Baryłki z nadzieniem alkoholowym. W ofercie promocyjnej często pojawiają się znane praliny Raffaello i Ferrero Rocher. Taki asortyment pozwala na wybór słodkiego podarunku dopasowanego do gustu każdej babci.</p>\n<h2>Słowa kluczowe</h2>\n<p>żywność, napoje, przekąski, herbaty, słodycze</p>\n<h2>Gotowe kosze prezentowe w ofercie biedronki</h2>\n<p>Biedronka oferuje gotowe zestawy kosmetyczne popularnych marek, takich jak Nivea i Dove, które są estetycznie zapakowane i gotowe do wręczenia. Można również skomponować własny kosz prezentowy, łącząc produkty z różnych kategorii. Przykładowo, zestaw typu „domowe SPA” może zawierać szlafrok i kosmetyki pielęgnacyjne. Z kolei dla babci dbającej o zdrowie idealny będzie zestaw składający się z ciśnieniomierza z funkcją głosową oraz suplementu diety wspierającego serce, jak syrop Vitaliss Plus Cardio.</p>\n<h2>Słowa kluczowe</h2>\n<p>zdrowa żywność, kosmetyki, suplementy diety, pielęgnacja</p>\n</body>\n</html>\n```","created_at":"2026-01-21T21:48:14.330257+00:00"}, 
 {"id":"6f0eda0e-9765-4a2c-9cc8-874508096b8a","project_id":"ebac0f3f-a6a4-4675-aba7-2f406c1b384c","brief_json":[{"heading": "<H2>Jak dane cenowe wzbogacają artykuły o promocjach w sklepach?</H2>", "keywords": "dane cenowe, artykuły o promocjach, sklepy, wzbogacenie, analiza danych, promocje, strategie marketingowe", "knowledge": "Wzbogacenie artykułów o promocjach o szczegółowe dane cenowe to kluczowy trend w e-commerce na 2026 rok. Taka transformacja podnosi wartość merytoryczną treści, zmieniając je z prostego przekazu marketingowego w rzetelne poradniki zakupowe. Dostarczanie twardych danych, takich jak historia cen czy wykresy wahań, umożliwia konsumentom podejmowanie racjonalnych decyzji zakupowych w oparciu o fakty, a nie impuls. Dla sklepów, transparentność cenowa jest fundamentem budowania zaufania do marki i długofalowej lojalności klientów. Artykuły te pełnią również rolę edukacyjną, ucząc odbiorców, jak interpretować ceny i analizować oferty."}, {"heading": "<H3>Jak skutecznie wykrywać sztuczne promocje i 'fake sales'?</H3>", "keywords": "", "knowledge": "Kluczowym narzędziem do wykrywania fałszywych promocji jest weryfikacja oferty w oparciu o najniższą cenę z ostatnich 30 dni. Jest to wymóg prawny wprowadzony przez Dyrektywę Omnibus, który ma na celu ochronę konsumentów. Dzięki temu można zdemaskować praktyki sztucznego zawyżania cen tuż przed ogłoszeniem obniżki. Analiza wykresów wahań cen pozwala szybko ocenić, czy obecna oferta jest rzeczywistą okazją, czy jedynie standardową ceną. Świadomość istnienia mechanizmu psychologicznego, jakim jest zjawisko zakotwiczenia cenowego (sugerowanie się pierwszą, często zawyżoną ceną), w połączeniu z dostępem do historycznych danych, pozwala świadomemu konsumentowi unikać manipulacji i podejmować przemyślane decyzje."}],"brief_html":"```html\n<html>\n<body>\n<h1>Raport na temat promocji w sklepach</h1>\n<h4>Jak dane cenowe wzbogacają artykuły o promocjach w sklepach?</h4>\n  <h2>Heading</h2>\n  <p>Jak dane cenowe wzbogacają artykuły o promocjach w sklepach?</p>\n  <h2>Knowledge</h2>\n  <p>Wzbogacenie artykułów o promocjach o szczegółowe dane cenowe to kluczowy trend w e-commerce na 2026 rok. Taka transformacja podnosi wartość merytoryczną treści, zmieniając je z prostego przekazu marketingowego w rzetelne poradniki zakupowe. Dostarczanie twardych danych, takich jak historia cen czy wykresy wahań, umożliwia konsumentom podejmowanie racjonalnych decyzji zakupowych w oparciu o fakty, a nie impuls. Dla sklepów, transparentność cenowa jest fundamentem budowania zaufania do marki i długofalowej lojalności klientów. Artykuły te pełnią również rolę edukacyjną, ucząc odbiorców, jak interpretować ceny i analizować oferty.</p>\n  <h2>Keywords</h2>\n  <p>dane cenowe, artykuły o promocjach, sklepy, wzbogacenie, analiza danych, promocje, strategie marketingowe</p>\n\n<h4>Jak skutecznie wykrywać sztuczne promocje i 'fake sales'?</h4>\n  <h2>Heading</h2>\n  <p>Jak skutecznie wykrywać sztuczne promocje i 'fake sales'?</p>\n  <h2>Knowledge</h2>\n  <p>Kluczowym narzędziem do wykrywania fałszywych promocji jest weryfikacja oferty w oparciu o najniższą cenę z ostatnich 30 dni. Jest to wymóg prawny wprowadzony przez Dyrektywę Omnibus, który ma na celu ochronę konsumentów. Dzięki temu można zdemaskować praktyki sztucznego zawyżania cen tuż przed ogłoszeniem obniżki. Analiza wykresów wahań cen pozwala szybko ocenić, czy obecna oferta jest rzeczywistą okazją, czy jedynie standardową ceną. Świadomość istnienia mechanizmu psychologicznego, jakim jest zjawisko zakotwiczenia cenowego (sugerowanie się pierwszą, często zawyżoną ceną), w połączeniu z dostępem do historycznych danych, pozwala świadomemu konsumentowi unikać manipulacji i podejmować przemyślane decyzje.</p>\n  <h2>Keywords</h2>\n  <p></p>\n</body>\n</html>\n```","created_at":"2026-01-21T22:17:12.586376+00:00"}, 
 {"id":"8d009504-0467-4a71-a626-fed67c4b37d3","project_id":"56fd146e-4c5f-43eb-8990-aca405e42769","brief_json":[{"heading": "<h2>Kiedy wypada Tłusty Czwartek?</h2>", "keywords": "Tłusty Czwartek", "knowledge": "Tłusty Czwartek jest świętem ruchomym. W 2026 roku Tłusty Czwartek wypada 12 lutego. Jest to dzień charakteryzujący się szczytem sprzedaży wyrobów cukierniczych i okresem obowiązywania najbardziej intensywnych promocji w handlu detalicznym."}, {"heading": "<H2>Czym jest Tłusty Czwartek i dlaczego obchodzimy ten dzień?</H2>", "keywords": "tradycja, zakupy, promocje, smakołyki", "knowledge": "Tłusty Czwartek to tradycja wyznaczająca koniec karnawału, obchodzona głównie poprzez masowe spożywanie pączków i innych smakołyków, takich jak faworki. Współcześnie jest to również ważna okazja handlowa, która generuje ogromny ruch w sklepach i cukierniach. Dzień ten charakteryzuje się licznymi promocjami i specjalnymi ofertami, co napędza zakupy na dużą skalę i powoduje powstawanie kolejek przed popularnymi lokalami."}, {"heading": "<H3>Jaka jest historia tradycji spożywania pączków?</H3>", "keywords": "pączki, tanio, kupić, cukiernia", "knowledge": "Pączki są głównym i nieodłącznym symbolem Tłustego Czwartku. Współczesna tradycja ich spożywania jest silnie zróżnicowana pod względem jakości i ceny. Konsumenci stają przed wyborem: mogą tanio kupić pączki w dyskontach, które oferują masową produkcję i promocje wielosztukowe (np. na pączki z marmoladą wieloowocową), albo zdecydować się na droższe, rzemieślnicze wypieki z lokalnej cukierni, które często cechują się wyższą jakością składników i tradycyjnym nadzieniem, np. z konfitury różanej."}],"brief_html":"```html\n<html>\n<body>\n<h1>Podsumowanie treści</h1>\n<h4>Tłusty Czwartek, gdzie kupić tanio pączki?</h4>\n  <h2>Kiedy wypada tłusty czwartek?</h2>\n  <p>Tłusty Czwartek jest świętem ruchomym. W 2026 roku Tłusty Czwartek wypada 12 lutego. Jest to dzień charakteryzujący się szczytem sprzedaży wyrobów cukierniczych i okresem obowiązywania najbardziej intensywnych promocji w handlu detalicznym.</p>\n  <h2>Czym jest tłusty czwartek i dlaczego obchodzimy ten dzień?</h2>\n  <p>Tłusty Czwartek to tradycja wyznaczająca koniec karnawału, obchodzona głównie poprzez masowe spożywanie pączków i innych smakołyków, takich jak faworki. Współcześnie jest to również ważna okazja handlowa, która generuje ogromny ruch w sklepach i cukierniach. Dzień ten charakteryzuje się licznymi promocjami i specjalnymi ofertami, co napędza zakupy na dużą skalę i powoduje powstawanie kolejek przed popularnymi lokalami.</p>\n  <h2>Jaka jest historia tradycji spożywania pączków?</h2>\n  <p>Pączki są głównym i nieodłącznym symbolem Tłustego Czwartku. Współczesna tradycja ich spożywania jest silnie zróżnicowana pod względem jakości i ceny. Konsumenci stają przed wyborem: mogą tanio kupić pączki w dyskontach, które oferują masową produkcję i promocje wielosztukowe (np. na pączki z marmoladą wieloowocową), albo zdecydować się na droższe, rzemieślnicze wypieki z lokalnej cukierni, które często cechują się wyższą jakością składników i tradycyjnym nadzieniem, np. z konfitury różanej.</p>\n</body>\n</html>\n```","created_at":"2026-01-22T07:57:13.765136+00:00"}, 
 {"id":"455253e6-6db2-4b37-815c-1b539d3ccec1","project_id":"b9209995-249b-49cf-a285-3ad82995a36d","brief_json":[{"heading": "<h2>Dlaczego Kawa Drożeje?</h2>", "keywords": "kawa, drożenie, ceny, rynek, inflacja, handel", "knowledge": "Wzrost cen kawy jest zjawiskiem ekonomicznym spowodowanym przez kumulację wielu negatywnych czynników, określaną jako \"idealna burza\" na rynku. Ta sytuacja rynkowa wynika z jednoczesnego nałożenia się problemów klimatycznych, ekonomicznych oraz spekulacyjnych, co prowadzi do presji cenowej odczuwalnej zarówno w handlu hurtowym, jak i przez konsumentów końcowych. Analiza tego trendu obejmuje cały globalny rynek kawy."}, {"heading": "<h2>Jakie są główne przyczyny wzrostu cen kawy?</h2>", "keywords": "podaż, popyt, produkcja, Arabica, Robusta, koszty produkcji, transport", "knowledge": "Główne przyczyny to zderzenie rosnącego popytu z malejącą podażą. Podaż jest ograniczona przez mniejsze zbiory, podczas gdy koszty produkcji rosną z powodu drożejącej energii i nawozów. Dodatkowo, wyższe koszty transportu i logistyki przekładają się na cenę końcową. Sytuację pogarszają spekulacje giełdowe, które sztucznie windują wycenę surowca, dotykając zarówno popularne gatunki jak Robusta, jak i szlachetniejsze, takie jak Arabica."}, {"heading": "<h3>Jakie skutki mają susze dla produkcji kawy?</h3>", "keywords": "zbiory, zmiany klimatyczne", "knowledge": "Zmiany klimatyczne, a w szczególności długotrwałe susze, mają bezpośredni i negatywny wpływ na produkcję kawy. Ekstremalny brak opadów w kluczowych krajach producenckich, takich jak Brazylia i Wietnam, prowadzi do zniszczenia plantacji i w konsekwencji do znacznie mniejszych zbiorów. Ograniczenie ilości dostępnego surowca jest fundamentalną przyczyną redukcji podaży na rynkach światowych."}],"brief_html":"```html\n<html>\n<body>\n<h1>Opinia na temat cen kawy</h1>\n<h4>Dlaczego kawa drożeje ?</h4>\n  <h2>Heading</h2>\n  <p>Dlaczego Kawa Drożeje?</p>\n  <h2>Knowledge</h2>\n  <p>Wzrost cen kawy jest zjawiskiem ekonomicznym spowodowanym przez kumulację wielu negatywnych czynników, określaną jako \"idealna burza\" na rynku. Ta sytuacja rynkowa wynika z jednoczesnego nałożenia się problemów klimatycznych, ekonomicznych oraz spekulacyjnych, co prowadzi do presji cenowej odczuwalnej zarówno w handlu hurtowym, jak i przez konsumentów końcowych. Analiza tego trendu obejmuje cały globalny rynek kawy.</p>\n  <h2>Keywords</h2>\n  <ul>\n    <li>Kawa</li>\n    <li>Drożenie</li>\n    <li>Ceny</li>\n    <li>Rynek</li>\n    <li>Inflacja</li>\n    <li>Handel</li>\n  </ul>\n  \n  <h2>Heading</h2>\n  <p>Jakie są główne przyczyny wzrostu cen kawy?</p>\n  <h2>Knowledge</h2>\n  <p>Główne przyczyny to zderzenie rosnącego popytu z malejącą podażą. Podaż jest ograniczona przez mniejsze zbiory, podczas gdy koszty produkcji rosną z powodu drożejącej energii i nawozów. Dodatkowo, wyższe koszty transportu i logistyki przekładają się na cenę końcową. Sytuację pogarszają spekulacje giełdowe, które sztucznie windują wycenę surowca, dotykając zarówno popularne gatunki jak Robusta, jak i szlachetniejsze, takie jak Arabica.</p>\n  <h2>Keywords</h2>\n  <ul>\n    <li>Podaż</li>\n    <li>Popyt</li>\n    <li>Produkcja</li>\n    <li>Arabica</li>\n    <li>Robusta</li>\n    <li>Koszty produkcji</li>\n    <li>Transport</li>\n  </ul>\n  \n  <h2>Heading</h2>\n  <p>Jakie skutki mają susze dla produkcji kawy?</p>\n  <h2>Knowledge</h2>\n  <p>Zmiany klimatyczne, a w szczególności długotrwałe susze, mają bezpośredni i negatywny wpływ na produkcję kawy. Ekstremalny brak opadów w kluczowych krajach producenckich, takich jak Brazylia i Wietnam, prowadzi do zniszczenia plantacji i w konsekwencji do znacznie mniejszych zbiorów. Ograniczenie ilości dostępnego surowca jest fundamentalną przyczyną redukcji podaży na rynkach światowych.</p>\n  <h2>Keywords</h2>\n  <ul>\n    <li>Zbiory</li>\n    <li>Zmiany klimatyczne</li>\n  </ul>\n</body>\n</html>\n```","created_at":"2026-01-22T09:48:06.342974+00:00"}]